_id,__v
5ffc6dbaf5af02468c652fcf,0
5ffc6e05586b444810f3af9c,0
5ffc6ef6586b444810f3af9d,0
5ffc6f436dcc954a90957122,0
5ffc6f536dcc954a90957123,0
5ffc760edd7a7c166003c312,0
5ffc76613b47a846e0a9876a,0
5ffc781496db0b15c9b43b9c,0
5ffd5333042da11590a47a3d,0
5ffd532be3022f0178d94b60,0
5ffd58c7b55e771cb05c0870,0
5ffd5a286f091d409ceaa19c,0
5ffd5ab5377e324d0c62f2f7,0
5ffd5b2a46f4e821ac738b2b,0
5ffd5c6b5be7fe038c193165,0
5ffd5d46c5dbfc4f00d63b03,0
5ffd5e7bfc5bfc156cb3b246,0
5ffd5f3e1c67d015cb32bb5f,0
5ffd608b410f2415e805328c,0
5ffd951e84088210140b7a68,0
5ffd957725733c3c205d9c0a,0
5ffd95e1271a624140bea251,0
5ffd9714fae6731b70cd2d8e,0
5ffd97dfd69e4a4838527732,0
5ffd97cdd69e4a4838527721,0
5ffd9843de5c3a2228c87b14,0
5ffd99a2e9cd661c9897be4c,0
5ffd9ad139f7fb09bc206e09,0
5ffd9b735cfc384968dc4a7f,0
5ffd9c8ac624f04cfc01b0b5,0
5ffd9d01344cf4170000479c,0
5ffd9dfb9b66844688eefe99,0
5ffd9e3ef55bf941d4a4fe22,0
5ffd9eca6e77ec39206697a0,0
5ffd9f19ea849c482c32e6bf,0
5ffd9f4e87af314ac88445d6,0
5ffd9f9c56f50f0390579fdb,0
5ffda057f270033c94ec9b02,0
5ffda13999166043484159e8,0
5ffda190c75e1f1facea1745,0
5ffda233d642682e3c086721,0
5ffda509092919159c5d1c3c,0
5ffda58a48ce1f15bb5572ef,0
5ffdab33c9a1a315cda1dcbc,0
5ffdc62a3d04ea1ee45a3b56,0
5ffdc8b648bc3e50d0f833f5,0
5ffdc9ca8d3cee2ccca64cd6,0
5ffdca1932655e35bc071d9d,0
5ffdca5cfa2860424c9304af,0
5ffdcac7585d6c0934e029f6,0
5ffdcb2b9924c94774c0a7ac,0
5ffdcb5e95dcca43e03cef85,0
5ffdcc4dad93ff0f186dcb5e,0
5ffdccb33b3b3d27d88afcb1,0
5ffdcd7f15cea51aa090eb25,0
5ffdced27a6ab848d4c3a48f,0
5ffdcf6e31100331e4b2a430,0
5ffdcff3a12a443fa8b3971d,0
5ffdd122b50715482c565e48,0
5ffdd1b5eb2a7147dc0810a1,0
5ffdd2be5eba91159223e364,0
5ffdd336670d2c15962cc418,0
5ffdd42fc90a0f15e1fa7659,0
5ffddf1f9c5ae806e0577ad2,0
5ffde0807efac51fc02ba118,0
5ffde0b7998c980f98414684,0
5ffde28bfdd86215f6005f71,0
5ffde2daf6e45d15ddc6c04a,0
5ffde33e2f246515b6709eec,0
5ffde6c908edce1fc0f216a1,0
5ffdf37281a87a0f7c5af387,0
5ffdf425215bb228903a300f,0
5ffdf4b748554915b56bd97b,0
5ffdf524c1d02915a1f485a1,0
5ffe0994d2eca93600d5ea7d,0
5ffe0f48dec4194a5c645e8c,0
5ffe0fdba37d540fb0d1e9d2,0
5ffe10cb9963114db867894d,0
5ffe118e18ce4b097cc513ce,0
5ffe1238d1ae853c6cc8666c,0
5ffe127d81c08b0cd8b146aa,0
5ffe142539976f15ca425ee9,0
5ffe14a390cf2515a4e76787,0
5ffe1506b6fffb15d396bc6f,0
5ffe1523a9a8f4156b1dc34d,0
5ffecd90c99f2a46a8699460,0
5ffed1ac40d86b058473ed1b,0
5ffed2f63f4c3742d4fb1cde,0
5ffed3388129362d502d59a7,0
5ffed41c3f64ae468827289b,0
5ffed61e520a111e10904a93,0
5ffed71759c783579c3dde84,0
5ffed7f2b338c415c1baaf6a,0
5ffed86a7f95fb15d77dd4f1,0
5ffed983353e4915852675c6,0
5ffee13cc3d4144994c3a4e3,0
5ffee26af854fe16207e210f,0
5ffee2b1ee582515c7acdb68,0
5ffee3512edea81550d3f741,0
5ffeec741c90204994962ada,0
5ffeecb006f42955905de039,0
5ffeed413df6f33b688be526,0
5ffeee358e23cf489cb69f7a,0
5ffeee6e552349014851ceb7,0
5ffef086f03d7b22b0aba4b5,0
5ffef0cb49e0b255ac620d77,0
5ffef1e1db990d15aff09192,0
5ffef2857ae5aa1592221e48,0
5ffef448ce05fb158117c78e,0
600864d9aebd302a7569b684,0
6009386c6b08e016cf851ebc,0
600947286b08e016cf851ec3,0
600948cb6b08e016cf851ece,0
60094bf26b08e016cf851ed6,0
6009bd8a83d5012979361c88,0
6009c05383d5012979361c8d,0
600ac4903066356af490687e,0
600cf94315ca77457c0ff1ee,0
600cf9d615ca77457c0ff1ef,0
600cfbd12cb4964bb4ecef3a,0
600e89083066356af49068a7,0
600eb09e3066356af49068ba,0
600eb0e63066356af49068c2,0
601d5764a01a5b0dff74767f,0
601d7e2e1957060de84a0438,0
6021139288b3050df7883dbb,0
60241cff5daf380dfbe95d69,0
6026cf69d35fbe0e0038528e,0
6026ed1ed35fbe0e003852ae,0
602aa29a26e8370e0f09f64f,0
6038c3edb7490a0015ee179f,0
6038f7acde045b0015345a60,0
6038fb7cde045b0015345a9f,0
603ca8656900f2001578a1f0,0
603ca9756900f2001578a1f7,0
603cbfe56900f2001578a23d,0
603cc8ef6900f2001578a27b,0
603ccfd56900f2001578a2aa,0
603cd0e46900f2001578a2d0,0
603ce7726900f2001578a31d,0
603d40676900f2001578a399,0
603df055c7f8d50015eb7405,0
603e1d90c7f8d50015eb74cd,0
603e1f6ac7f8d50015eb74e2,0
603e1f9ac7f8d50015eb74f9,0
603e202bc7f8d50015eb7507,0
603e4f8198c86600157685fd,0
603e54ec98c866001576863b,0
603e6fce98c8660015768682,0
603e70b298c86600157686c0,0
603ea3e413a92b0015c3088c,0
603ea77a13a92b0015c308ce,0
603ea80313a92b0015c3090e,0
603ea80e13a92b0015c3094c,0
603fc59ca36c060015655271,0
603fed3ba36c060015655291,0
603ff05aa36c0600156552b5,0
603ff09da36c0600156552d5,0
6041280b5d2cd100150b7341,0
604128435d2cd100150b7361,0
60412e665d2cd100150b7385,0
60412f905d2cd100150b73a5,0
60413c195d2cd100150b73c5,0
60413e505d2cd100150b73e5,0
60413ec35d2cd100150b73e8,0
60426aa82220310015b5eb55,0
6043721c9ac3e000159e2252,0
604373009ac3e000159e2264,0
60439d9d6a94c20015eb1ca8,0
6043cbd46a94c20015eb1cc4,0
60451b4c0788750015e87fdb,0
60451c600788750015e87ffb,0
604539380788750015e8801f,0
60474631b6c5b700153cb6b2,0
6049223416e9150015f609c8,0
6049224f16e9150015f609cb,0
6049327416e9150015f60a19,0
6049328f16e9150015f60a66,0
604a65045a3c970015c7b0aa,0
604a65fc5a3c970015c7b0ca,0
604b84cbdd3ca900157351ac,0
604c8867af13e80015e1dd63,0
604cce2baf13e80015e1dd7d,0
604d2a08af13e80015e1ddbf,0
604d2defaf13e80015e1dde5,0
604d2f8aaf13e80015e1de0b,0
604d2fc9af13e80015e1de31,0
604f45fac473c30015677f25,0
604f5c8ec473c30015677f56,0
604fb068c473c30015677fbf,0
604fb082c473c30015677fc5,0
6050524a80b0b90015a4fe04,0
605052e280b0b90015a4fe13,0
60507b0980b0b90015a4fe41,0
60517cca3d0b340015add05a,0
605248a5b5f7980015ebe181,0
60532cf618584700152bbd39,0
605347da18584700152bbd48,0
6053750518584700152bbd68,0
60539c3ba7ef5500153c7188,0
6053a0efa7ef5500153c71c6,0
60548dc33551a9001539484a,0
60548f693551a9001539486a,0
6054cf4a4865f10015d0f897,0
60560d6a0736540015781f6d,0
60560e2e0736540015781f73,0
6058b8077fba8d00153d9423,0
6058b8c87fba8d00153d942f,0
6058b90c7fba8d00153d943a,0
6058ba6c7fba8d00153d9445,0
6058bb2f7fba8d00153d9465,0
6058bee77fba8d00153d9485,0
6058cea27fba8d00153d94d7,0
6059f37c3efd28001586e5ea,0
605b57298bcf42001587878d,0
605b68138bcf4200158787db,0
605b6d6d8bcf4200158787fd,0
605bb8ad1d1f2e001513e28f,0
605dc98578bc740015fd2c09,0
605dcd9878bc740015fd2c13,0
605f507444b37b00156bcf93,0
60609ce8c840290015cd0c2a,0
6060a385c840290015cd0c3e,0
6060a494c840290015cd0c49,0
606196289f9030001549ad0d,0
6061d4209f9030001549ad22,0
6061d8c79f9030001549ad2b,0
6061ddcf9f9030001549ad34,0
6061e0a29f9030001549ad3b,0
6061e5679f9030001549ad44,0
6061fdce9f9030001549ad79,0
6061fec99f9030001549ad99,0
606240589f9030001549adac,0
60631b2cfcd0170015db4227,0
60632025fcd0170015db4254,0
60638089fcd0170015db4264,0
60644574cdd77f0015bfa7ca,0
606499e5d2fdf90015cf48ed,0
6065338239f2fd0015bd190f,0
606af75d2c766c0015a1c60e,0
606f607f73cb9a0015f9d2c1,0
6071ec01c64b750015a84cd9,0
6071ed24c64b750015a84d17,0
60736beeb020f600158884eb,0
6075a6e5922241001534cfdb,0
6078003af0f93c0015eacd20,0
60819909fa711e001518c53b,0
6087f72bd51b0200156ed9be,0
60888fbd9776170015f3f240,0
608d424de697790015ee2179,0
608d45b0e697790015ee21ad,0
608dbe317ce27d0015bf7a77,0
608dc45c7ce27d0015bf7aba,0
608fa523ccb44c0015dff8e5,0
608faba1ccb44c0015dff919,0
6096f77b426b5c0015b36ba4,0
609bd46f3930fa001561d834,0
609daced1efa8500158643fc,0
609db60d1efa850015864405,0
609e3e0c1efa850015864441,0
60a1f3429f6be000154f9a6b,0
60a385c8c95d400015d7a68b,0
60a63b16ee5bc400158e0be7,0
60af466c6dc5bf3ebce744f5,0
60b0c7c6ad21cb0015d4031e,0
60b20d19e7af8b0015847ac5,0
60b210f5e7af8b0015847aef,0
60b212efe7af8b0015847b0a,0
60b2172ce7af8b0015847b3d,0
60b5c35241b5730015fb309f,0
60b65f1dde4ca10015d3a39a,0
60c3a09d3bfa810015df2b05,0
60c3b8903bfa810015df2b29,0
60c3bbba3bfa810015df2b35,0
60c4c7e1b55c2500158965c5,0
60c5d4a25f7bf000150fd68b,0
60c6728c5f7bf000150fd6b2,0
60c673965f7bf000150fd6b6,0
60c7110e2dec3e001587c3a7,0
60c719772dec3e001587c3db,0
60d70f5fe390df0015917620,0
60d78632e390df0015917680,0
60de15f9bae72e001590a71b,0
60dee72ecfeda10015b9a2c0,0
60e2d55736fa9a001517ff0b,0
60e2d5a036fa9a001517ff16,0
60e2d6e636fa9a001517ff3a,0
60e2f42236fa9a001517ff59,0
60e2f51f36fa9a001517ff79,0
60e2f8d336fa9a001517ff85,0
60e2f8f836fa9a001517ffa5,0
60e32de28508570015acd5e7,0
60e3440d8508570015acd62b,0
60e3593a8508570015acd669,0
60e365478508570015acd676,0
60e36baf8508570015acd6b4,0
60e36ff68508570015acd6f2,0
60e3f6c88508570015acd6f7,0
60e3f8e88508570015acd6fa,0
60e3f9628508570015acd6fd,0
60e3fb078508570015acd700,0
60e3fb2b8508570015acd703,0
60e40a928508570015acd751,0
60e411768508570015acd757,0
60e413148508570015acd765,0
60e421308508570015acd783,0
60e422638508570015acd797,0
60e43c368508570015acd7a2,0
60e444ae8508570015acd7a5,0
60e554ba106f710015a1554d,0
60e61c6088f3a500156e1b17,0
60ec24112acad400158a0bc7,0
60ed7fa586cb2e001546569f,0
60eda72970f6ad0015b5e84a,0
60ee32d770f6ad0015b5ef71,0
60f1f79547747d00153dc625,0
60f1f8e447747d00153dc6ef,0
60f913a914cb260015f1b06b,0
60f917cd14cb260015f1b107,0
60f92b4f14cb260015f1b339,0
60fa29f8bb4f12001556928c,0
60faa6483b79e700157c0593,0
60facff63b79e700157c0772,0
60fad0293b79e700157c077b,0
60ff34a539b2d70015140738,0
610122d1db20880015af1499,0
6103750ab002d500150a5759,0
61037d15b002d500150a59dd,0
6103c4327821480015105380,0
610411c48961ed0015a18fbc,0
6104b5fcedca440015a0e714,0
61051ff3c173a600153c06a3,0
61053326c173a600153c0a3a,0
610534cdc173a600153c0ad4,0
610535bac173a600153c0b0a,0
610535e6c173a600153c0b40,0
61053603c173a600153c0b76,0
61054203c173a600153c0ce2,0
61056491b614dd00153eb8b1,0
610567d3b614dd00153eba06,0
61058dba72a21a0015e829ba,0
6105ba7372a21a0015e82e30,0
6105bbb772a21a0015e82e48,0
6105bc5a72a21a0015e82e60,0
6105f92572a21a0015e831eb,0
6106696e72a21a0015e833b0,0
61066fd772a21a0015e83448,0
6106813572a21a0015e83480,0
6106820a72a21a0015e83485,0
6106824b72a21a0015e8348b,0
6106881572a21a0015e83571,0
6106a46772a21a0015e8371c,0
610702e6de57fc0015d3bdba,0
61071ce2de57fc0015d3c1ef,0
61081aca5968640015b4cde4,0
610825885968640015b4ced6,0
610838a35968640015b4cf77,0
6108f26c5968640015b4d59e,0
6108fe515968640015b4d661,0
6109263d5968640015b4da94,0
61092b135968640015b4db9e,0
61092cd25968640015b4dc6c,0
61095bd15968640015b4e308,0
61095ec65968640015b4e383,0
610960ea5968640015b4e39a,0
6109951405342900156c4a06,0
610a007690c5f30015441272,0
610a265290c5f300154414b5,0
610a2cb890c5f3001544166c,0
610a6a2090c5f30015441aeb,0
610a70b890c5f30015441b93,0
610a968090c5f30015441e4c,0
610acda83f78cd00155c2f49,0
610ada968f18110015a8f45d,0
610adbe58f18110015a8f49f,0
610ae1658f18110015a8f5c6,0
610ae6958f18110015a8f72c,0
610af1868f18110015a8f7c8,0
610af7fe8f18110015a8f802,0
610afcc18f18110015a8f844,0
610b04078f18110015a8f919,0
610b1a548f18110015a8fc51,0
610b204e8f18110015a8fc9f,0
610bedc1abffa9001528d991,0
610c1325abffa9001528dde0,0
610c188cabffa9001528df55,0
610c19deabffa9001528dfcc,0
610c1e63abffa9001528e045,0
610c20e7abffa9001528e09e,0
610c2525abffa9001528e10e,0
610c3bacabffa9001528e41e,0
610c3cacabffa9001528e44c,0
610c4041abffa9001528e547,0
610c61eaabffa9001528e8f4,0
610d27d1abffa9001528ee21,0
610d2d04d7a1c700156d618f,0
610d725ed7a1c700156d645c,0
610da731d7a1c700156d6771,0
610da7add7a1c700156d67ea,0
610e6ba0d7a1c700156d71af,0
610e6eced7a1c700156d7203,0
610e9a74e9d4e500156ed966,0
610f04cbe9d4e500156edf3d,0
610fc38ee9d4e500156ee66a,0
6110e317f305ba0015c20430,0
6110f7fef305ba0015c205a1,0
611158b359c4ce0015993162,0
6112412759c4ce0015993809,0
6112439759c4ce0015993876,0
6112486159c4ce00159938d9,0
6113029e5bc93d00156b277a,0
61135dce5bc93d00156b2c0c,0
61136c305bc93d00156b2c79,0
6113f70ecb72ef001594f13f,0
61141b2bcb72ef001594fb90,0
611432eacb72ef0015950159,0
611459e4dc886a0016857df7,0
61145d82dc886a0016857e35,0
61146126dc886a0016857ed4,0
611461b9dc886a0016857f0a,0
6114661fdc886a0016857f53,0
6114aaabdc886a001685805c,0
6114abbcdc886a001685808c,0
61153bb2dc886a001685a318,0
61156674dc886a001685a7e1,0
61159873ab42750016df7e84,0
6115ec2fab42750016df8b34,0
6115eca6ab42750016df8b3e,0
6115ed05ab42750016df8b48,0
6116ec2dadb71400165bc680,0
6116f3c3adb71400165bc85a,0
6116f827adb71400165bc975,0
6116fcbbadb71400165bca2b,0
6117bebcadb71400165bd3c9,0
6118f40a5b789b0016bb8393,0
611900435b789b0016bb853e,0
611900525b789b0016bb8545,0
61191c565b789b0016bb86dc,0
61191f565b789b0016bb87c6,0
611920575b789b0016bb8846,0
611920d85b789b0016bb885c,0
61192e157ce55a0016120558,0
611939997ce55a0016120786,0
611955607ce55a001612098d,0
61195ac67ce55a00161209c3,0
6119660c7ce55a0016120a48,0
611979df7ce55a0016120cae,0
61197b957ce55a0016120cec,0
611a47cf7ce55a0016121aa0,0
611a65827ce55a0016121f30,0
611ad80e92cec70016cb90c4,0
611ae6c892cec70016cb92d0,0
611ae84b92cec70016cb934a,0
611ae88692cec70016cb9353,0
611ae8ab92cec70016cb935c,0
611b15a792cec70016cb9483,0
611b1b5192cec70016cb94d7,0
611b1ba892cec70016cb9537,0
611b2e6b92cec70016cb98e1,0
611b6dcd92cec70016cb9e36,0
611cb8c1c08d1200167157df,0
611d1ebcc08d120016716b08,0
611e13818adc800016fbf9e2,0
611e15728adc800016fbfa2f,0
611e18318adc800016fbfaae,0
611e2ea98adc800016fbfe9c,0
611e2f9e8adc800016fbff2b,0
611e44538adc800016fc0611,0
611e84dda9b4f200167beb18,0
611e8586a9b4f200167beb4e,0
611e8dcea9b4f200167bec9d,0
611e8fbda9b4f200167bed12,0
611ea09ca9b4f200167bee95,0
611ebbaba9b4f200167bf1ee,0
611ec286a9b4f200167bf2ac,0
611ec4dca9b4f200167bf394,0
611ec69ba9b4f200167bf3f8,0
611ec831a9b4f200167bf45a,0
611ed92ba9b4f200167bf63e,0
611f834aa9b4f200167c027a,0
611fa2ea81507400164a931b,0
611faa1a81507400164a94b8,0
6121b3fe8f200300160bd2ac,0
6121be3e8f200300160bd2f5,0
6121bfa28f200300160bd30d,0
6121f93f8f200300160bd449,0
6122774e10513e00166ff816,0
6122936d10513e00166ffac3,0
6122b50610513e00166ffd21,0
6122b5b410513e00166ffd61,0
6122b72a10513e00166ffda8,0
6122b9d010513e00166ffe01,0
6122c82a10513e00166fffa2,0
6123058010513e0016700175,0
612393d010513e0016700a78,0
6123fd65200c6a0016552910,0
612400e8200c6a00165529f9,0
61242c68200c6a0016552e2c,0
6124e0d3200c6a0016553658,0
6124e468200c6a00165536b2,0
612511825b344b001603d517,0
6125282b5b344b001603d6bd,0
612544925b344b001603d96b,0
61254b5d5b344b001603d99f,0
61254f2b5b344b001603d9d3,0
612552075b344b001603da07,0
61256f465b344b001603db9f,0
6125e3a45b344b001603df73,0
61264a7a5b344b001603e6a3,0
61264bbd5b344b001603e6b1,0
612663c95b344b001603e7ad,0
6126951bf640170016b7297e,0
6126f19291d7b90016ef3334,0
6126f5ed91d7b90016ef3373,0
6126fde591d7b90016ef3458,0
6127b3d05708bf0016cad7ab,0
6127b5035708bf0016cad7bb,0
6127bb265708bf0016cad80e,0
6127c99d5708bf0016cad8d0,0
6127cb225708bf0016cad906,0
6127d2975708bf0016cada1f,0
6127d45f5708bf0016cada77,0
612810325708bf0016cadeb6,0
612813a15708bf0016cadf1a,0
612817475708bf0016cadfbc,0
61281b1b5708bf0016cae07e,0
61281b3e5708bf0016cae086,0
6128d4de5708bf0016cae630,0
6128d9035708bf0016cae72c,0
6129347a3e462700167694dd,0
61293c203e46270016769551,0
61295a1c3e46270016769852,0
612a76e8f69b6700167b39f0,0
612ab3e0f69b6700167b3cf2,0
612ab5f5f69b6700167b3d4f,0
612b3da9f69b6700167b4055,0
612bc7c69c02da0016edbe57,0
612bc84a9c02da0016edbe8a,0
612bcb5b9c02da0016edbed2,0
612bcb809c02da0016edbeda,0
612bcb9c9c02da0016edbee2,0
612bcbc09c02da0016edbf14,0
612bcbd69c02da0016edbf23,0
612bccc09c02da0016edbfa4,0
612bce379c02da0016edbfd0,0
612bdc8e9c02da0016edc065,0
612bdce39c02da0016edc0ad,0
612be4df9c02da0016edc0ef,0
612beeb59c02da0016edc134,0
612bf0dd9c02da0016edc16a,0
612bf1cd9c02da0016edc1a7,0
612bf7419c02da0016edc1eb,0
612c7d2c9c02da0016edc58b,0
612c7e9b9c02da0016edc5b5,0
612c7f0b9c02da0016edc612,0
612d115811743d0016412936,0
612e2b0692370f00169eab57,0
612ec28392370f00169eb1f7,0
61308c338f5fcd0016a6419d,0
6130e4b289598100165b84a6,0
61330b3ae50b7a0016fda6cf,0
61330c31e50b7a0016fda6de,0
6133814d270c960016c7e5ad,0
61338635270c960016c7e5fa,0
613387df270c960016c7e631,0
6133e86b270c960016c7ecce,0
6134bd1f890bd300160e9328,0
6136e877804fa6001607772e,0
613731952d600f0016d17117,0
61376e932d600f0016d17bee,0
6137eb9658490c00169f49f2,0
6139b51655ae280016592c58,0
613a11bc55ae280016593156,0
613a169155ae280016593240,0
613a185355ae280016593276,0
613a1dd155ae280016593470,0
613b1064ecb0b00016fade14,0
613c5159fd30de0016fb743a,0
613c87d7fd30de0016fb764b,0
613cbfb4fd30de0016fb775f,0
6141a4e64a48fd00161e7256,0
61423dec11a80700164ca206,0
6142580011a80700164ca3b7,0
6142ee5f11a80700164ca736,0
6142fe6b11a80700164ca7d6,0
6142fece11a80700164ca7e0,0
614300bf11a80700164ca826,0
614305a911a80700164ca8aa,0
6143232d1ec938001617ae2d,0
614368f71ec938001617c081,0
61439f6b1ec938001617c902,0
61444a1d904f0600164b2381,0
6144a07f904f0600164b322e,0
61450197904f0600164b3cdf,0
61456769904f0600164b3f58,0
614567f3904f0600164b3f79,0
6145f98dc9b82a0016c68240,0
614644f5c9b82a0016c68686,0
61466783c9b82a0016c6882a,0
61467d2fc9b82a0016c6888b,0
61475300be8207001633970f,0
61478235be82070016339a13,0
6147a32bbe82070016339b59,0
6147ab1bbe82070016339c38,0
6147ace6be82070016339cdd,0
6148405159400e0016b6e29d,0
614881b459400e0016b6ea74,0
6148e43359400e0016b6f397,0
6148e8a159400e0016b6f412,0
6148eea259400e0016b6f585,0
6148fbe359400e0016b6f6b6,0
61499a0dfbac3b001655bf1e,0
6149b6a2fbac3b001655c110,0
6149dc0cfbac3b001655c6ae,0
6149f580fbac3b001655ccb6,0
614a4bfdfbac3b001655d45d,0
614a4d0efbac3b001655d483,0
614a4f06fbac3b001655d4b3,0
614a5150fbac3b001655d4cb,0
614a55d9fbac3b001655d535,0
614a59d5fbac3b001655d59e,0
614b6b685228e0001668589a,0
614b6dbb5228e00016685930,0
614b6eea5228e000166859f3,0
614cfc1e3c23350016db2d61,0
614d94e59f779e00160e6450,0
614dbc499f779e00160e6851,0
614eee78ed4e5c001684f2f7,0
614ef712ed4e5c001684f486,0
614ef7dbed4e5c001684f4a8,0
614f51d6ed4e5c001684fa7d,0
614fa50aed4e5c0016850056,0
6150848b4796d60016148c6d,0
615084df4796d60016148c78,0
61509c6e4796d600161491c9,0
61509c8d4796d60016149209,0
61509db84796d60016149242,0
61509ed44796d6001614928e,0
6150a0ff4796d60016149305,0
6150a1d34796d60016149380,0
6150a62c4796d60016149433,0
6150b0364796d60016149664,0
6150ce564796d600161497ac,0
6150e7cd4796d60016149af1,0
6150fa934796d60016149d1b,0
6150fdf64796d60016149db9,0
615133bf4796d60016149f21,0
61515bd2276836001637a340,0
61517f4e276836001637ab0e,0
61517f99276836001637ab34,0
615180cd276836001637abcf,0
615180f8276836001637ac31,0
6151813b276836001637ac88,0
6152046b276836001637b7b9,0
6152e5c218d4b400166adc3d,0
6152e92118d4b400166add0c,0
6152e97618d4b400166add42,0
61530acf18d4b400166ae7dc,0
61534de918d4b400166af503,0
615350e918d4b400166af51d,0
615358f918d4b400166af589,0
6154cf1ac4197f001672e630,0
6154dd63c4197f001672e8be,0
6154e424c4197f001672e8f4,0
6154e83ac4197f001672e92a,0
6154ede8c4197f001672e960,0
6154f063c4197f001672e996,0
61554859c4197f001672ece2,0
615553acc4197f001672ed44,0
615558c5c4197f001672ed86,0
615560e9c4197f001672ee17,0
615572bcc4197f001672f07b,0
6155d6fec4197f00167304d7,0
6155dfdcc4197f001673051c,0
615620f578a374001601f2d7,0
6157042378a374001601fb30,0
61578b05c727a600169c4f84,0
61578e15c727a600169c5066,0
6158310fc727a600169c5537,0
61583271c727a600169c55af,0
615882c9c727a600169c61dc,0
61589ac7c727a600169c6481,0
6158a214c727a600169c65f9,0
6158bc64c727a600169c6757,0
6158c236fde715001685551d,0
615b54dfb2fa95001614eb7f,0
615b616fb2fa95001614ec89,0
615c086bb2fa95001614f280,0
615c647f61c68f0016eb398f,0
615c747a61c68f0016eb3b0f,0
615c795161c68f0016eb3bc6,0
615cad7661c68f0016eb4473,0
615cae4061c68f0016eb44f0,0
615d1a0061c68f0016eb4d8e,0
615d1e3161c68f0016eb4e3c,0
615e60ce4e522600167b192c,0
615e86824e522600167b19b3,0
615e8cb04e522600167b1ad2,0
615e8f9f4e522600167b1af7,0
615ea6764e522600167b1d62,0
615eb6a84e522600167b1f4d,0
615eb7844e522600167b1f86,0
615eb83c4e522600167b1f9a,0
615eb9bb4e522600167b1fbe,0
615ebafe4e522600167b1fd6,0
615ec0b64e522600167b2018,0
615ec2974e522600167b206a,0
615ec38f4e522600167b20d4,0
615ed08c4e522600167b21d4,0
615f29a2e45d390016400aa6,0
615f2b40e45d390016400aeb,0
615f2d11e45d390016400b9f,0
615f64d0e45d39001640146f,0
615f6c1ce45d3900164014e6,0
615f7109e45d390016401617,0
615f723de45d390016401653,0
615f852fe45d3900164019cd,0
615ff139e45d390016401fe6,0
61604315e45d3900164027a8,0
6160456ae45d39001640283c,0
61604739e45d390016402888,0
6160481ee45d3900164028b1,0
616048d9e45d3900164028fb,0
61604d45e45d390016402987,0
616066fde45d390016402b05,0
61606a0ee45d390016402b5c,0
61614b00ce0e150016c9853f,0
6161742fce0e150016c988c3,0
6162cfc777c6310016e7f117,0
6162dd0277c6310016e7f1ea,0
6162df5f77c6310016e7f252,0
6162e3ba77c6310016e7f2a8,0
6162e4a077c6310016e7f32d,0
6162e75177c6310016e7f3f2,0
6163064d77c6310016e7f7a0,0
61640915453ce40016fc02f8,0
61642f75453ce40016fc0721,0
6164304c453ce40016fc07a4,0
6164b0ed2f154c0016cf4a80,0
616587702f154c0016cf597c,0
616604b067bd6b00162cbc19,0
6166a72dd879a10016efbdd2,0
6167534bc3e3fd00168646d3,0
61675496c3e3fd0016864759,0
61679a91c3e3fd0016864cd4,0
61681fb1c3e3fd001686578f,0
6169a321a306bd00168b48c5,0
6169deffa306bd00168b4a85,0
6169ec0ca306bd00168b4ba4,0
616a0fdca306bd00168b4cd5,0
616a52eaa306bd00168b4e7a,0
616ac6e7a306bd00168b556a,0
616ad161a306bd00168b5637,0
616af395c65f2100165580e5,0
616b3d79c65f21001655857a,0
616b781cc65f21001655870f,0
616bb944c65f2100165587b4,0
616bc7b5c65f2100165589a7,0
616bc805c65f2100165589d6,0
616bc904c65f2100165589ee,0
616c4a9add52600016e23493,0
616c4c50dd52600016e234a8,0
616c5cfddd52600016e23582,0
616c60efdd52600016e23601,0
616c61e3dd52600016e23637,0
616c76b7dd52600016e23a6a,0
616ca333dd52600016e23eb5,0
616d56aa161eed0016df2e7e,0
616d5a35161eed0016df3013,0
616dcbbd161eed0016df3e65,0
616dcd32161eed0016df3e7d,0
616e2232161eed0016df469a,0
616f4c29da3a2f001647e023,0
616f4cacda3a2f001647e031,0
6170099cbae758001635554c,0
6170bfc7187f110016001070,0
617201498e2660001640956b,0
6172ebd8efb76e00162b8b50,0
61731166efb76e00162b8c6f,0
61741161b35eaf0016e8e93a,0
6174133bb35eaf0016e8ea0c,0
617485bf6c86a0001679ee51,0
617488b26c86a0001679ee97,0
6175dff746d0870016630146,0
6175e20046d0870016630177,0
6175e36946d08700166301a8,0
6175e5f246d08700166301e9,0
6175e83c46d087001663021f,0
61768d5746d0870016630897,0
61768fc746d08700166308f7,0
6176d87083bbcd0016e5407b,0
6178400afd921f00161607e0,0
617841defd921f001616082c,0
6178a764fd921f0016160ca6,0
6178aa08fd921f0016160cba,0
6178abd8fd921f0016160ce3,0
6178c9fcfd921f0016160daf,0
6179a373331dcf0016e310ad,0
6179a561331dcf0016e3110d,0
6179c231331dcf0016e31215,0
6179c9c9331dcf0016e31432,0
617af113fc556a00169efc26,0
617aff0afc556a00169efd56,0
617b0290fc556a00169efdf7,0
617ccb89b736b70016b443e4,0
617cd028b736b70016b4449e,0
617cd154b736b70016b444d2,0
617d772db736b70016b44c93,0
6180f381af49b300162ba414,0
61827e43dddee7001634b739,0
61828017dddee7001634b773,0
61829bbfdddee7001634bc1f,0
6182acccdddee7001634bd63,0
6182ae82dddee7001634bd90,0
6182ee3626503500167c75d6,0
6182f1a626503500167c7663,0
618411e664422c0016e71107,0
6184360364422c0016e714d8,0
6184397e64422c0016e71525,0
61845d9764422c0016e717b4,0
6184be8164422c0016e71ef0,0
618502280640370016d8d4b0,0
618550250640370016d8eb3a,0
6185c00e0640370016d8eef8,0
6186e0215a4a360016781a0f,0
6186f1695a4a360016781b39,0
6186fce25a4a360016781ce8,0
618711b25a4a360016781e48,0
618719cd5a4a360016781eae,0
61877a4a5a4a360016782127,0
618792f55a4a3600167821bd,0
618798e65a4a360016782411,0
6187994a5a4a36001678244e,0
6187b4cc72fe7d0016207478,0
6187b63972fe7d00162074ea,0
6187b68272fe7d0016207520,0
6187b7f572fe7d001620757a,0
6187ba6a72fe7d00162075e0,0
6188351d72fe7d001620819a,0
618841c772fe7d0016208213,0
61884d4a72fe7d0016208271,0
6189110ec7ca5a00161b5e6d,0
61896bffc7ca5a00161b6ab2,0
61897535c7ca5a00161b6d01,0
618975e8c7ca5a00161b6d53,0
61898e27c7ca5a00161b7358,0
61899227c7ca5a00161b7404,0
61899b7cc7ca5a00161b766d,0
6189a0f7c7ca5a00161b7769,0
618a346cb5e47f00161129a9,0
618a49c9b5e47f001611328f,0
618a5009b5e47f0016113640,0
618a56d2b5e47f00161138df,0
618a5b567f90a00016ddc88b,0
618a63747f90a00016ddc99a,0
618a74b47f90a00016ddce6f,0
618a74c27f90a00016ddce80,0
618a83e27f90a00016ddd17b,0
618a954c7f90a00016ddd4a3,0
618aabb67f90a00016ddd81d,0
618aac3d7f90a00016ddd850,0
618ae0707f90a00016dde553,0
618afd497f90a00016dde930,0
618aff277f90a00016dde984,0
618b01717f90a00016dde9d8,0
618b03df7f90a00016ddeaaa,0
618b065f7f90a00016ddeb19,0
618b178c7f90a00016ddec41,0
618b53867f90a00016ddee9a,0
618b57947f90a00016ddef28,0
618b58427f90a00016ddef40,0
618b59c97f90a00016ddefb6,0
618b5b4e7f90a00016ddefce,0
618b8df17f90a00016ddfc79,0
618ba3f17f90a00016de0460,0
618ba4847f90a00016de04dc,0
618bc019c07b8b0016b17a51,0
618bc460c07b8b0016b17eda,0
618bc4efc07b8b0016b17f5e,0
618bc939c07b8b0016b18241,0
618bca3ec07b8b0016b18296,0
618bdaafc07b8b0016b18861,0
618c0a12c07b8b0016b1974d,0
618c27eac07b8b0016b1997a,0
618c28a3c07b8b0016b19988,0
618c2968c07b8b0016b199c3,0
618c2a5cc07b8b0016b19a21,0
618c38c1c07b8b0016b19c57,0
618c7a26c07b8b0016b19ff1,0
618c7bacc07b8b0016b1a012,0
618d43ca240b220016b84593,0
618d499b240b220016b84795,0
618d4c52240b220016b84888,0
618d4f22240b220016b8491e,0
618d5662240b220016b84a38,0
618d5779240b220016b84a47,0
618d6501240b220016b84dcc,0
618d77b3240b220016b8531c,0
618d7acd240b220016b853db,0
618d82dd240b220016b8559a,0
618d872e240b220016b85617,0
618deca7240b220016b85d85,0
618e213a240b220016b861ea,0
618e23a8240b220016b86286,0
618e25be240b220016b8629e,0
618e28b0240b220016b862f5,0
618e4460240b220016b86925,0
618e473c240b220016b86bb4,0
618e4ea7240b220016b86eb8,0
618e5da8240b220016b870fe,0
618e6b5a689cb8001676159d,0
618eafb9689cb80016762754,0
618eb042689cb800167627a0,0
618eb9c4689cb80016762ca8,0
618ed46fa24eec00162a4f63,0
618ed87da24eec00162a510a,0
618f6c9ba24eec00162a5aa5,0
618f6ed2a24eec00162a5b99,0
618f7c77a24eec00162a5db8,0
618f7e46a24eec00162a5df6,0
618f81fea24eec00162a5e9a,0
618f86dfa24eec00162a5f57,0
618f8799a24eec00162a5f8d,0
618f89b4a24eec00162a5fc8,0
618f8de2a24eec00162a6084,0
618f95b8a24eec00162a64ac,0
618f9b41a24eec00162a665f,0
618fa502a24eec00162a67ee,0
618fb350a24eec00162a6c51,0
618fb5f8a24eec00162a6d28,0
618fb71ea24eec00162a6e60,0
618fb841a24eec00162a6e96,0
618fb88fa24eec00162a6ed0,0
618fb9b1a24eec00162a6f06,0
618fbd17a24eec00162a70aa,0
618fcc53a24eec00162a74d3,0
618fcd7aa24eec00162a7522,0
618fce47a24eec00162a7558,0
618fceb4a24eec00162a757c,0
618ff31ea24eec00162a7c28,0
618ffbbea24eec00162a7f7f,0
61900328a24eec00162a80e5,0
6190138ca24eec00162a84b8,0
6190d5529384310016c3260e,0
619103ac9384310016c331c9,0
619108929384310016c334a0,0
6191190c9384310016c33961,0
619119309384310016c339b0,0
619125779384310016c33c49,0
61913f5f9384310016c33fcb,0
61915e1a9384310016c3467e,0
61916e639384310016c34c7d,0
61916f929384310016c34c95,0
619170369384310016c34cad,0
61918c0fc80ef3001687dcb8,0
6191d3e7c80ef3001687e343,0
619244092cd2f10016912e7c,0
6192495b2cd2f1001691302d,0
619275fb863bce00160a762a,0
6192b738863bce00160a874e,0
6192dd32863bce00160a88d5,0
61934d05863bce00160a9159,0
6193bf2354202000161fc243,0
61940a2a54202000161fd3dd,0
61940b1b54202000161fd413,0
61942f9054202000161fda1c,0
6194343354202000161fda6d,0
6194351654202000161fdac6,0
619461f154202000161fdd3b,0
6194885b54202000161fe38d,0
6194a17154202000161fe727,0
6194abf9ae2c760016536ca8,0
61950aabae2c760016537af5,0
61950bd1ae2c760016537b87,0
619535e29342cc00168b2de9,0
61953dd69342cc00168b310f,0
61954c1d9342cc00168b346a,0
619550139342cc00168b359f,0
6195515e9342cc00168b35ba,0
619554779342cc00168b3712,0
619559ff9342cc00168b3808,0
619560799342cc00168b38f7,0
6195776a9342cc00168b3cc9,0
61957c4d9342cc00168b3d1d,0
619636089342cc00168b55f6,0
619637a29342cc00168b5691,0
619672a3305b9c0016757438,0
619676b8305b9c00167575ed,0
6196771b305b9c001675761a,0
61967722305b9c001675763a,0
61975fc9bc0f9200169866b7,0
619760d1bc0f9200169866c0,0
61979f459b79250016f6b509,0
6197a3049b79250016f6b6df,0
6197b52f9b79250016f6bc1d,0
6197d38b9b79250016f6bfac,0
6197d49b9b79250016f6bfed,0
6197d9009b79250016f6c05b,0
6197fd489b79250016f6c77f,0
6197fdf99b79250016f6c7d3,0
61980e459b79250016f6cb55,0
61980fbd9b79250016f6cc51,0
619815459b79250016f6cce5,0
619884189b79250016f6d9ae,0
619884789b79250016f6d9e4,0
619886a19b79250016f6da5d,0
619897239b79250016f6dd98,0
6198b09a9b79250016f6df9c,0
6198bbf29b79250016f6e135,0
6198c0d29b79250016f6e202,0
61990cdb2bd98b0016373efc,0
619915272bd98b0016373fce,0
61991cbc2bd98b00163742a2,0
619948f92bd98b00163749ed,0
619952672bd98b0016374ac8,0
619963a02bd98b0016374c4c,0
619964072bd98b0016374c5f,0
619965572bd98b0016374c7f,0
619966292bd98b0016374cae,0
619966b02bd98b0016374cc5,0
619966bc2bd98b0016374ccf,0
619967732bd98b0016374cfa,0
61997d712bd98b0016374ef1,0
61997e652bd98b0016374f44,0
6199951d2bd98b00163753dd,0
6199ebdd2bd98b0016375971,0
6199f37b2bd98b0016375b06,0
6199fe802bd98b0016375c25,0
619a4735eb34d70016f6abfc,0
619a4f3eeb34d70016f6ad45,0
619a60a1eb34d70016f6aec9,0
619a7cf1eb34d70016f6b35a,0
619aa0e08f484e001656d7d0,0
619ab04c8f484e001656da57,0
619ab1e08f484e001656dafa,0
619abd488f484e001656dba7,0
619ad363ffbf880016f025fa,0
619afa69ffbf880016f027e6,0
619b48f7ffbf880016f02dd7,0
619b4c07ffbf880016f02f3f,0
619b5349ffbf880016f030d1,0
619b872bffbf880016f0385c,0
619bc882ffbf880016f04376,0
619bce14ffbf880016f04588,0
619bcf53ffbf880016f045e4,0
619bd199ffbf880016f046f4,0
619bd409ffbf880016f0474f,0
619bd7f9ffbf880016f04789,0
619bd843ffbf880016f04793,0
619bd8b8ffbf880016f047a5,0
619bdf0dffbf880016f0485d,0
619be5c3ffbf880016f048e0,0
619be741ffbf880016f04918,0
619bf7caffbf880016f04ac1,0
619bf96bffbf880016f04b2f,0
619c0105ffbf880016f04c81,0
619c2809133ed90016bca212,0
619c295b133ed90016bca223,0
619c34f8133ed90016bca418,0
619c4900133ed90016bca49e,0
619c4a81133ed90016bca4ee,0
619c4cc6133ed90016bca542,0
619c508f133ed90016bca59a,0
619c56a5133ed90016bca5f2,0
619c584c133ed90016bca689,0
619c5fff133ed90016bca850,0
619c6272133ed90016bca892,0
619c643d133ed90016bca8b6,0
619c8e33133ed90016bcacd7,0
619c8fb7133ed90016bcad45,0
619c978c133ed90016bcae58,0
619c99a3133ed90016bcaf0f,0
619cba1a133ed90016bcb403,0
619ce269133ed90016bcbe63,0
619cfd25133ed90016bccdd3,0
619d0468133ed90016bcce68,0
619d079a133ed90016bccf84,0
619d0b56133ed90016bcd083,0
619d112b133ed90016bcd1d5,0
619d194d133ed90016bcd271,0
619d2fe4133ed90016bcd56f,0
619d309a133ed90016bcd5c7,0
619d329a133ed90016bcd627,0
619d3739133ed90016bcd75a,0
619d39c8133ed90016bcd807,0
619d5fc0133ed90016bcdbaf,0
619d8b866c58670016b02188,0
619deb646c58670016b02698,0
619df60d6c58670016b02787,0
619dfb6d6c58670016b0286d,0
619e578c26f1e10016870760,0
619e590e26f1e10016870796,0
619e7f8626f1e10016870f4d,0
619e82d626f1e10016871084,0
619e858226f1e10016871145,0
619e933626f1e10016871439,0
619e95d226f1e10016871622,0
619e960d26f1e1001687162a,0
619e9bb726f1e10016871873,0
619e9cea26f1e10016871923,0
619e9cfc26f1e1001687192d,0
619e9d4a26f1e1001687194a,0
619ec73c26f1e100168724fc,0
619ec77126f1e10016872540,0
619ec82726f1e100168725d6,0
619ec8c126f1e1001687265d,0
619ec8fd26f1e10016872682,0
619ef89b26f1e10016872ea3,0
619efcd826f1e10016872f4e,0
619f1e8f26f1e1001687302d,0
619f348626f1e10016873372,0
619f4b3126f1e10016873b48,0
619f6798ff9029001603816f,0
619f6aa0ff9029001603832a,0
619f713bff902900160386c2,0
619f74dcff90290016038a02,0
619f764cff90290016038aa7,0
619faae2771a230016404432,0
619fbc94771a230016404d17,0
619fd159771a230016405858,0
619fd182771a23001640588e,0
619fd1a0771a2300164058ad,0
619fd4f9771a2300164059c6,0
619fd5d7771a230016405a1a,0
619fda78771a230016405c19,0
619fdf81771a230016405d36,0
619fe2da771a230016405e4a,0
619fe73e771a230016406061,0
619fe81f771a2300164060d4,0
619fe999771a23001640615e,0
619fecba771a2300164062c3,0
619fece2771a2300164062c9,0
619fed01771a230016406324,0
619fee38771a230016406384,0
619fee84771a23001640638e,0
619ff01a771a23001640643f,0
619ffa59771a230016406795,0
61a002ce771a2300164069c4,0
61a00887771a230016406b5d,0
61a017ef771a230016406d1f,0
61a04197771a230016406f35,0
61a07594771a230016407413,0
61a08212771a230016407628,0
61a095cb771a23001640789d,0
61a0f01670d7fe001619da70,0
61a0f64970d7fe001619de8c,0
61a0fb7970d7fe001619dfff,0
61a0ffc770d7fe001619e0b9,0
61a105ba70d7fe001619e4c1,0
61a12f9170d7fe001619ec7f,0
61a1334a70d7fe001619ee15,0
61a134bb70d7fe001619ee9d,0
61a1374470d7fe001619ef64,0
61a138c670d7fe001619ef78,0
61a13ed570d7fe001619f050,0
61a13f9e70d7fe001619f07f,0
61a153ac70d7fe001619f1f5,0
61a1575970d7fe001619f25c,0
61a176d170d7fe001619f4a6,0
61a1faf670d7fe001619fe55,0
61a1fe7870d7fe001619fee5,0
61a253daedab4200160bb124,0
61a26741edab4200160bb5d8,0
61a26ac6edab4200160bb6ca,0
61a27291edab4200160bb878,0
61a27ac3edab4200160bb92e,0
61a2904dedab4200160bbccd,0
61a2971bedab4200160bbe96,0
61a29768edab4200160bbea4,0
61a297bcedab4200160bbec2,0
61a29f92edab4200160bc19d,0
61a2bb92edab4200160bc61a,0
61a30e03edab4200160bcf00,0
61a30fcbedab4200160bcf50,0
61a31dfcedab4200160bd0bf,0
61a32239edab4200160bd11f,0
61a32676edab4200160bd260,0
61a32b8fedab4200160bd337,0
61a3301fedab4200160bd3e1,0
61a3398aedab4200160bd596,0
61a3633ea612900016dc5fb4,0
61a3642fa612900016dc5ff4,0
61a368ffa612900016dc61a9,0
61a37aa8a612900016dc6678,0
61a37de9a612900016dc68b6,0
61a37ed1a612900016dc691f,0
61a3b795a612900016dc6f8e,0
61a3be46a612900016dc7258,0
61a3c247a612900016dc7360,0
61a3c2e6a612900016dc73d0,0
61a3c4cfa612900016dc7412,0
61a3c988a612900016dc74f2,0
61a3cb13a612900016dc753b,0
61a3dca9a612900016dc7922,0
61a3e122a612900016dc79d7,0
61a3e202a612900016dc7a03,0
61a404d2a612900016dc7da6,0
61a480c8a612900016dc85ad,0
61a48261a612900016dc85fb,0
61a4843ea612900016dc8649,0
61a4930ca612900016dc89e5,0
61a4938fa612900016dc8a45,0
61a4d80bb08483001682efdc,0
61a4d91fb08483001682eff9,0
61a4eceeb08483001682f560,0
61a4f070b08483001682f924,0
61a4f110b08483001682f938,0
61a50eb1b084830016830368,0
61a51cd3b084830016830712,0
61a52a06b084830016830c71,0
61a52e5db084830016830cbd,0
61a53de4b084830016830f31,0
61a54170b0848300168310a8,0
61a541e2b084830016831115,0
61a54278b084830016831157,0
61a5427cb08483001683118d,0
61a543f5b084830016831213,0
61a5442eb084830016831259,0
61a5458db084830016831333,0
61a55bb0b0848300168318bc,0
61a55d80b08483001683192b,0
61a56dc9b084830016831c47,0
61a597b9b0848300168321cb,0
61a59c32b084830016832255,0
61a59cfcb08483001683227f,0
61a5a923b084830016832618,0
61a5af9db084830016832915,0
61a5ba33b084830016832af0,0
61a5bdbdb084830016832c2c,0
61a5c4c4b084830016832e8f,0
61a5cea0b0848300168331c9,0
61a5d5a4b08483001683330d,0
61a6177ad0d12c001693fd78,0
61a619ced0d12c001693fe55,0
61a63230d0d12c001694018d,0
61a6480bd0d12c0016940523,0
61a67302d0d12c0016940e07,0
61a6876bd0d12c00169412cb,0
61a69aa8d0d12c0016941465,0
61a69bead0d12c001694148f,0
61a6a3edd0d12c00169415fe,0
61a7137288710a0016806bcb,0
61a7286888710a0016806e9d,0
61a72d4588710a0016806f0e,0
61a771f2cc10ff0016406020,0
61a7847fcc10ff00164061c2,0
61a7ab7fcc10ff001640655e,0
61a7b1b4cc10ff0016406632,0
61a7c914cc10ff00164067f3,0
61a7d481cc10ff0016406a1c,0
61a8755dcc10ff0016407664,0
61a8b40240d2a10016743562,0
61a8cdce40d2a10016743878,0
61a8d31040d2a10016743ab7,0
61a8dcdb7793890016553684,0
61a905847793890016553cfe,0
61a90da97793890016553db1,0
61a90e607793890016553dbd,0
61a917697793890016553f63,0
61a918997793890016553fa1,0
61a9197d7793890016553fb9,0
61a923afc3ebbc00168a21fa,0
61a9a375c3ebbc00168a24ca,0
61a9b0dec3ebbc00168a262a,0
61aa5bbec3ebbc00168a343e,0
61aa5dd7c3ebbc00168a355f,0
61aa5ffbc3ebbc00168a3600,0
61aa8082545b820016067992,0
61aa81ab545b8200160679b4,0
61aa82a8545b8200160679d6,0
61aa833f545b8200160679f8,0
61aa83db545b820016067a1a,0
61aa9dd9545b820016067af4,0
61aaa0fd545b820016067b2e,0
61aaa309545b820016067b64,0
61aaa816545b820016067b9a,0
61ab4d9c545b820016068474,0
61ab5a54545b820016068715,0
61ab64d9545b820016068847,0
61ab71a3545b8200160689e6,0
61ab8f3d545b820016068ca8,0
61abb5fa545b8200160692e9,0
61abb951545b8200160693ec,0
61abd3f4f77cd0001677f6ef,0
61abd551f77cd0001677f78f,0
61ac8a51f77cd0001678052e,0
61ac91a9f77cd000167807f3,0
61ac91bff77cd00016780815,0
61ac93e8f77cd00016780a1d,0
61aca6baf77cd00016780c3b,0
61ad217af77cd00016781a48,0
61ad2c0bf60f250016c5556c,0
61ad3099f60f250016c55883,0
61ae5324f60f250016c5a62e,0
61ae5672f60f250016c5a7c5,0
61ae6a5cf60f250016c5ab3d,0
61ae6b26f60f250016c5abec,0
61ae6b26f60f250016c5abee,0
61ae6cd8f60f250016c5acd0,0
61ae6e61f60f250016c5ad78,0
61ae8414f9603a0016eed4c8,0
61ae86bff9603a0016eed4fe,0
61af3fd1385d100016e3b027,0
61af938e385d100016e3c231,0
61af9571385d100016e3c267,0
61af96c9385d100016e3c2a8,0
61afbb56385d100016e3c935,0
61afcb96385d100016e3ce46,0
61b071ff2e76960016e14f60,0
61b085f62e76960016e15019,0
61b08c2e2e76960016e15273,0
61b090472e76960016e152aa,0
61b09b762e76960016e15315,0
61b0dca72e76960016e156f6,0
61b0dd572e76960016e15718,0
61b14c1c2e76960016e160cc,0
61b23e24ebc6a900165d192a,0
61b24513ebc6a900165d1b8a,0
61b25d8eebc6a900165d1c22,0
61b3073110e82a00166c4d30,0
61b311b010e82a00166c4dde,0
61b3708510e82a00166c50a3,0
61b3cb0010e82a00166c55f1,0
61b3cd0910e82a00166c571b,0
61b465de78a1690016abe7dd,0
61b4da6278a1690016abf4b0,0
61b4daca78a1690016abf4c9,0
61b4db6578a1690016abf4dd,0
61b4dbbc78a1690016abf514,0
61b4de3678a1690016abf5da,0
61b5c6b1403d0c0016c06c8e,0
61b644f1403d0c0016c06fac,0
61b868f71baa6300162756b4,0
61b8697c1baa6300162756e0,0
61b8d08c1baa630016276313,0
61b8e0831baa630016276410,0
61b8e1811baa63001627641d,0
61b8e3af1baa630016276449,0
61b8e5e61baa63001627647c,0
61b8e8ea1baa630016276494,0
61b8e9ec1baa6300162764ac,0
61b8ec701baa630016276585,0
61b9e931ecd9b000168eae05,0
61ba3191ecd9b000168eafe2,0
61ba3a02ecd9b000168eb0ff,0
61bb938357687d0016fa4802,0
61bbc64457687d0016fa4858,0
61bbd2c257687d0016fa49c7,0
61bbd31657687d0016fa49fd,0
61bcc1ede2c79000163c66ed,0
61bcfe86e2c79000163c692b,0
61bd025de2c79000163c69a6,0
61bdd0e0a132fe0016bdfc2d,0
61bdd52da132fe0016bdfcdf,0
61bded4ba132fe0016bdfecd,0
61bdef9ea132fe0016bdff30,0
61bdfb1ea132fe0016be0157,0
61bdfe42a132fe0016be01b9,0
61be4cafa132fe0016be089e,0
61be5327a132fe0016be09c0,0
61be554da132fe0016be0a91,0
61be6736a132fe0016be0c7b,0
61be9a37a132fe0016be0d32,0
61be9bfda132fe0016be0db2,0
61be9dffa132fe0016be0df5,0
61bfac72a6d52a00161e9cea,0
61c02420a6d52a00161e9ef9,0
61c0265ea6d52a00161e9f3e,0
61c027f7a6d52a00161e9fa0,0
61c029bda6d52a00161ea038,0
61c04465a6d52a00161ea2b9,0
61c07dc9d4b9640016b97db1,0
61c08aabd4b9640016b97f58,0
61c0b85dd4b9640016b9837e,0
61c0d8a9d4b9640016b988ef,0
61c1daf9e5b8cf00163ac4cb,0
61c1e436e5b8cf00163ac5ac,0
61c1e745e5b8cf00163ac745,0
61c1f394e5b8cf00163ac8ab,0
61c27e95e5b8cf00163ad51b,0
61c30539fbc1d300169d02c1,0
61c30551fbc1d300169d02c6,0
61c30561fbc1d300169d02cb,0
61c30572fbc1d300169d02d0,0
61c30a90fbc1d300169d0369,0
61c338c2fbc1d300169d0aef,0
61c35d55fbc1d300169d0b93,0
61c35f0afbc1d300169d0bca,0
61c4510bc6cbe20016311164,0
61c4514dc6cbe20016311186,0
61c45705c6cbe2001631123c,0
61c45b18c6cbe200163113c6,0
61c45ea0c6cbe200163114cc,0
61c462dfc6cbe200163115b3,0
61c46d56c6cbe2001631174f,0
61c4779fc6cbe200163117dd,0
61c47996c6cbe2001631180d,0
61c47d6fc6cbe2001631183e,0
61c48260c6cbe200163118d0,0
61c486a4c6cbe2001631190b,0
61c488eac6cbe20016311941,0
61c49419c6cbe20016311995,0
61c497b9c6cbe200163119f5,0
61c498b5c6cbe20016311a69,0
61c5c31f16adaf0016c4b433,0
61c5d8c616adaf0016c4b4fc,0
61c648e016adaf0016c4bcc6,0
61c746f69c0bfe001636495e,0
61c7700e9c0bfe0016364a2a,0
61c772619c0bfe0016364a60,0
61c81e979c0bfe001636504e,0
61c81f729c0bfe0016365057,0
61c820359c0bfe001636507a,0
61c820819c0bfe0016365083,0
61c84f7e9c0bfe00163652dd,0
61c851879c0bfe001636539f,0
61c851ea9c0bfe00163653d4,0
61c8d04a2b965d00168be696,0
61c913692b965d00168be7ee,0
61c95fd82b965d00168beaff,0
61ca5815f70fe80016f03f8e,0
61cadc19f70fe80016f04152,0
61cb78583235d20016cf9051,0
61cc32323235d20016cf966b,0
61cc3d053235d20016cf9747,0
61cc55cb3235d20016cf9af5,0
61cc5a783235d20016cf9b6c,0
61ccba78d70c840016d369bf,0
61cd4ecdd70c840016d36fb3,0
61cd51bed70c840016d37042,0
61cd583cd70c840016d37179,0
61cee688ca6f110016ef10f6,0
61cf8297367d4a0016d25dbc,0
61d0a8472c319d001646e899,0
61d18e0c2c319d001646f964,0
61d34cc696b6980016907f3d,0
61d34f6696b6980016907f93,0
61d3525896b6980016907fc9,0
61d421ed96b698001690864c,0
61d5c0506121060016e9c194,0
61d5edef6121060016e9cda1,0
61d63ee16121060016e9dbd3,0
61d6967a6121060016e9e6f0,0
61d6bfe66121060016e9ee63,0
61d781315fa9d8001671c39f,0
61d7fa535fa9d8001671c7d0,0
61d815885fa9d8001671cfd0,0
61d865a75fa9d8001671d766,0
61d866b25fa9d8001671d771,0
61d86e405fa9d8001671d83d,0
61d8889b8c5e580016a1a85c,0
61d89f328c5e580016a1aa74,0
61d8a0f68c5e580016a1aaa5,0
61d91d028c5e580016a1adea,0
61d9213b8c5e580016a1ae20,0
61da009084336100163af446,0
61da76b184336100163afa63,0
61da78cf84336100163afa80,0
61da7bb184336100163afab1,0
61da7cf784336100163aface,0
61da7f8884336100163afaeb,0
61da998f84336100163afb9e,0
61da9a1384336100163afba3,0
61dae16e84336100163afc15,0
61db612856ec4e0016e7f998,0
61dbe9ad56ec4e0016e7fc7e,0
61dc4d6742d0ff0016ece28a,0
61dc4df642d0ff0016ece29f,0
61dc7c3e42d0ff0016ecec61,0
61dcbae842d0ff0016ecf05a,0
61dcbdfb42d0ff0016ecf093,0
61dd06bc42d0ff0016ecf1ee,0
61dd509e49ec950016ff06ba,0
61dd98ce49ec950016ff0ec3,0
61de0da249ec950016ff1968,0
61de3c0549ec950016ff1aa0,0
61df23965daedc00164c46f6,0
61df2e165daedc00164c4895,0
61df351a5daedc00164c48fb,0
61df3ba35daedc00164c4a03,0
61df54355daedc00164c4d4f,0
61df59cf5daedc00164c4d9b,0
61e08e30b5a22a00169b6f8f,0
61e1de1e1e9bb6001636ab7a,0
61e275091e9bb6001636ac6f,0
61e341fa15da3e0016e55133,0
61e3cf8715da3e0016e553a5,0
61e3d04515da3e0016e553db,0
61e3d0f915da3e0016e55413,0
61e3dc6415da3e0016e55449,0
61e3e5e815da3e0016e55487,0
61e3e77a15da3e0016e554bd,0
61e48d316eb05e001604f1c3,0
61e566ca908c760016b3721b,0
61e56799908c760016b37268,0
61e5c2b3908c760016b38626,0
61e5c3b6908c760016b38637,0
61e5c3cb908c760016b38648,0
61e5c5d6908c760016b3867d,0
61e6b59adeb93100166b4d82,0
61e6baa1deb93100166b4e0e,0
61e70762deb93100166b50b8,0
61e70949deb93100166b50da,0
61e70c2bdeb93100166b5110,0
61e70db2deb93100166b5146,0
61e7185bdeb93100166b52ad,0
61e7234bdeb93100166b53fd,0
61e72394deb93100166b5451,0
61e724bedeb93100166b54a5,0
61e74597deb93100166b56f8,0
61e7d290deb93100166b5a30,0
61e7e47ddeb93100166b5bda,0
61e83e4f9a3b1c0016979fd6,0
61e8476f9a3b1c001697a195,0
61e84a779a3b1c001697a200,0
61e8515b9a3b1c001697a29d,0
61e9d596d3250d00164e5149,0
61e9d6c1d3250d00164e516f,0
61e9d798d3250d00164e5186,0
61eac190d3250d00164e5f72,0
61eac2acd3250d00164e5f8a,0
61eac349d3250d00164e5fa2,0
61eba67b2a01ec00166d14c2,0
61ed80da6f56070016a094fe,0
61ede24e330a390016b954ec,0
61ede287330a390016b95502,0
61ef2e225006700016e1e758,0
61ef9be95006700016e1ea1c,0
61efa17d5006700016e1ea5a,0
61efdde45006700016e1f0b0,0
61efeddb5006700016e1f330,0
61f02a445006700016e1f564,0
61f02db75006700016e1f658,0
61f0c375be0e3d0016368d7c,0
61f16980be0e3d0016369952,0
61f19a0abe0e3d0016369eba,0
61f1d025199ff40016b6fa27,0
61f22a2b5947ac001670e28f,0
61f28a9d5947ac001670e5cd,0
61f2a3225947ac001670ea6b,0
61f2a4c45947ac001670eac5,0
61f2bf585947ac001670ec2b,0
61f2c7c05947ac001670ec8b,0
61f2ceed5947ac001670eceb,0
61f2e1ab5947ac001670ed9f,0
61f2ec245947ac001670ef04,0
61f2ee3c5947ac001670ef64,0
61f30e545947ac001670f15b,0
61f3b91b7475ba001612ab00,0
61f3c37d7475ba001612abf2,0
61f5c1650d842800162e4659,0
61f5c76c0d842800162e476b,0
61f6f97e8c962800165174ec,0
61f773db890ea500168ef2dc,0
61f8428a890ea500168f0447,0
61f846ea890ea500168f056c,0
61f8841c890ea500168f0770,0
61f8cb9c759fce0016ed4b50,0
61f8e588759fce0016ed4c7a,0
61f91050759fce0016ed5184,0
61f910a0759fce0016ed519e,0
61f97964759fce0016ed5b01,0
61f99737759fce0016ed6192,0
61f99901759fce0016ed6225,0
61f9ce55759fce0016ed637e,0
61f9ceb5759fce0016ed63a0,0
61fa393a2848070016f4b5a0,0
61fa3bc62848070016f4b771,0
61fa618d2848070016f4bcc6,0
61fa7b0d2848070016f4c796,0
61fa87da2848070016f4c9cf,0
61faab432848070016f4cbfe,0
61faafaa2848070016f4cc56,0
61fab07e2848070016f4cc87,0
61facd152848070016f4ced0,0
61fad1742848070016f4cfc8,0
61fbba1c9d89450016a83b53,0
61fbbd9f9d89450016a83bfe,0
61fbdfb99d89450016a84246,0
61fbe8d89d89450016a843ab,0
61fcdd2c82856c0016aa4de6,0
61fce34382856c0016aa4e60,0
61fcf8e882856c0016aa537e,0
61fd42f082856c0016aa5d65,0
61fd64b282856c0016aa61e2,0
61fd66f382856c0016aa6263,0
61fd69b882856c0016aa62a5,0
61fd926482856c0016aa66c0,0
61fe317cad10f80016706875,0
61fe33afad10f80016706954,0
61fe5c32ad10f80016706c4c,0
61feac0dad10f80016707072,0
61febe9dad10f8001670717a,0
61fec991ad10f800167072f6,0
61ff8456fa06980016fea4e8,0
61ffa4fffa06980016feaf02,0
61ffaa5bfa06980016feb0ae,0
61ffbf59fa06980016feb2ae,0
620024b5fa06980016febcbf,0
620106c7d29c4200169554d7,0
62014de7d29c420016955f16,0
62019402d29c4200169561a6,0
6201cadcd29c4200169565dc,0
6201cee6d29c420016956603,0
6201d10ed29c42001695661a,0
620214ef0ad67c0016832f34,0
62022a480ad67c00168332bb,0
620294a10ad67c0016834ac4,0
620296560ad67c0016834b01,0
62029a470ad67c0016834b39,0
6202a9b50ad67c0016834dd5,0
6202ae0b0ad67c0016834e5f,0
6202b1490ad67c0016834ef9,0
6202b49d0ad67c0016835070,0
6202d0180ad67c0016835a7b,0
6202e0b30ad67c0016835ed4,0
6202e0d60ad67c0016835eec,0
6202e0fe0ad67c0016835ef8,0
62033368febac900162bd438,0
620356f8febac900162bd6e8,0
62036fd4febac900162bd95a,0
62039bd3febac900162be674,0
62039e50febac900162be6f4,0
620428bffebac900162c05ce,0
6204ca6369d7b10016d3b861,0
6204ca6869d7b10016d3b86f,0
6204cae269d7b10016d3b929,0
6204cc6f69d7b10016d3b955,0
6204e27869d7b10016d3bf34,0
6204e6f369d7b10016d3c0d7,0
6204ea7c69d7b10016d3c283,0
6204ea9d69d7b10016d3c2fb,0
6204ea9e69d7b10016d3c331,0
6204eaf669d7b10016d3c399,0
6204eaf869d7b10016d3c3df,0
6204f59869d7b10016d3c5a2,0
6204fd3969d7b10016d3c70c,0
6204ff1d69d7b10016d3c72b,0
6205005b69d7b10016d3c743,0
62050d0069d7b10016d3ca02,0
62050ef769d7b10016d3ca1a,0
6205105469d7b10016d3ca3e,0
620511c969d7b10016d3ca6c,0
620513a269d7b10016d3cabe,0
620515a969d7b10016d3cb50,0
62052ffb69d7b10016d3d2f9,0
620549f269d7b10016d3d84f,0
62054c8769d7b10016d3d8cc,0
62054e8469d7b10016d3d920,0
62054f6769d7b10016d3d9ba,0
62054ff869d7b10016d3d9d5,0
6205502269d7b10016d3da01,0
6205504f69d7b10016d3da2d,0
6205509e69d7b10016d3da59,0
620550be69d7b10016d3da85,0
620550d269d7b10016d3dab1,0
620550ec69d7b10016d3dadd,0
6205511069d7b10016d3db09,0
620551e269d7b10016d3dc35,0
6205520469d7b10016d3dc6b,0
6205522a69d7b10016d3dcbf,0
6205524669d7b10016d3dd13,0
620567f269d7b10016d3e34d,0
620630ceb86a170016593b2f,0
62064574b86a170016593de1,0
62064eeab86a170016593fae,0
6206bf2ab86a1700165958d5,0
6206de43b86a170016595bdd,0
62071afd624677001696716c,0
62071b96624677001696717e,0
62076c216246770016967727,0
62080c106246770016967cba,0
6208119d6246770016967d0d,0
620811e96246770016967d25,0
620812e16246770016967d58,0
6208c14c7461ab0016dacfab,0
62095b057461ab0016dadc64,0
62095d3c7461ab0016dadc80,0
62095ed87461ab0016dadcbc,0
620961fe7461ab0016dadd01,0
620963937461ab0016dadd27,0
62097a0c7461ab0016dae02f,0
62097c9b7461ab0016dae0be,0
62097fa17461ab0016dae196,0
620981947461ab0016dae1e1,0
62098bd57461ab0016dae31b,0
6209e764fb246e0016db9214,0
6209ed0dfb246e0016db928f,0
620a304cfb246e0016db9a76,0
620a699dfb246e0016dba0cd,0
620a8c17fb246e0016dba225,0
620ac4c9fb246e0016dba5fd,0
620ac983fb246e0016dba660,0
620ad660fb246e0016dba797,0
620adfc9fb246e0016dba92b,0
620b72b8f69e6d0016630e90,0
620b7315f69e6d0016630ea4,0
620bca44f69e6d00166317a1,0
620bcb58f69e6d00166317db,0
620c1cf4f69e6d0016631e5d,0
620c42c4f69e6d00166320d6,0
620c447df69e6d0016632192,0
620c46d8f69e6d001663223b,0
620c7e765a5c1a0016a885c6,0
620d1de85a5c1a0016a8986a,0
620d44b25a5c1a0016a89a8c,0
620d46215a5c1a0016a89a99,0
620d73375a5c1a0016a89c4b,0
620d78695a5c1a0016a89c72,0
620e4bdf155b420016f383bb,0
620e7aaa155b420016f38800,0
620e877b155b420016f38a13,0
620e92c6155b420016f38b09,0
620ebd9a155b420016f38d2a,0
620ebdeb155b420016f38dbb,0
620ecf1c155b420016f38e6c,0
620f694727878f0016c7616d,0
620f74ec27878f0016c7635e,0
6210075727878f0016c7787e,0
621125aeae91ce00160bf5bb,0
621154e2ae91ce00160bfa49,0
6211763bae91ce00160bfaff,0
6212934ab7fd85001678c3a2,0
6213bf91da7c870016d35522,0
621404e8da7c870016d35fdb,0
621405d3da7c870016d35fe8,0
621406ddda7c870016d35ff9,0
62140a77da7c870016d361d0,0
62141659fbc7fd0016d9ff84,0
62148d7cfbc7fd0016da0461,0
62148f30fbc7fd0016da0497,0
6214a5b0fbc7fd0016da0b1d,0
6214a7eefbc7fd0016da0d59,0
6214b3c3fbc7fd0016da14ba,0
6214bfc6fbc7fd0016da1819,0
6214d78cfbc7fd0016da1b6c,0
6214e71cfbc7fd0016da1b9e,0
6215fea4ac523500165f9127,0
6216025eac523500165f91e2,0
6216037bac523500165f9239,0
6216083bac523500165f9303,0
62160ffeac523500165f9567,0
621610feac523500165f95dc,0
6216136bac523500165f9630,0
62161a19ac523500165f9775,0
62161d47ac523500165f98b3,0
6216276fac523500165f9a99,0
621629a2ac523500165f9b1c,0
62162c2cac523500165f9b2a,0
62162daeac523500165f9b8e,0
62162e34ac523500165f9bc4,0
62162f45ac523500165f9bfa,0
6216304cac523500165f9c1d,0
62163274ac523500165f9ca3,0
62163649ac523500165f9edd,0
62165d25ac523500165fa3c8,0
621666e6ac523500165fa474,0
62167ed3ac523500165fa71d,0
62168293ac523500165fa7da,0
621688f4ac523500165fa8c0,0
62168ab2ac523500165fa998,0
62168ef5ac523500165faa0b,0
62169211ac523500165faac1,0
6216bd4401172000160b70c4,0
621725fb01172000160b74f5,0
6217ae8401172000160b838d,0
6217d81801172000160b8564,0
6217d84101172000160b8573,0
6217dcd701172000160b8627,0
621899698638ed0016121ea9,0
6218d3498638ed001612298b,0
621910208638ed0016123656,0
621917d08638ed00161237be,0
62191d9f8638ed00161238ab,0
6219db6cf7f9c20016d27964,0
6219e6faf7f9c20016d27a98,0
6219ea4df7f9c20016d27ada,0
621a512df7f9c20016d283f8,0
621a5d1af7f9c20016d28652,0
621a7de0f7f9c20016d289e3,0
621a8111f7f9c20016d28a72,0
621a82aef7f9c20016d28ab9,0
621a843ff7f9c20016d28af9,0
621a863cf7f9c20016d28b4e,0
621a9131f7f9c20016d28d43,0
621a94c6f7f9c20016d28e2c,0
621b5c84b5af85001654f615,0
621b6103b5af85001654f734,0
621baf77b5af85001654fa31,0
621bdafbb5af8500165501f4,0
621bf43eb5af850016550374,0
621c9988d1b88f00167db0af,0
621cba96d1b88f00167db8ca,0
621cc2dcd1b88f00167dba19,0
621cc885d1b88f00167dbaf4,0
621cd5fbd1b88f00167dbbd5,0
621d27a7d1b88f00167dc1de,0
621d2901d1b88f00167dc263,0
621d2c00d1b88f00167dc42e,0
621d2dccd1b88f00167dc48e,0
621da2e0cdd61000162baa0c,0
621e9f4fcdd61000162bc175,0
621ea0fbcdd61000162bc1b4,0
621ea78ccdd61000162bc21b,0
621ea80ecdd61000162bc251,0
621ef97f95f43d0016bc3e56,0
621f36a795f43d0016bc439e,0
621f396295f43d0016bc442d,0
621fb3b495f43d0016bc5099,0
621fceeb95f43d0016bc51c5,0
6220879e67e1fb0016c69daa,0
6220eb6067e1fb0016c6b050,0
62212aae67e1fb0016c6bbfa,0
622194ab62b1d90016078f59,0
62223e6962b1d90016079e32,0
62224e3162b1d90016079efe,0
62227cc162b1d9001607a2f9,0
62228edd62b1d9001607a3c3,0
6222fcb140cd82001653cb0c,0
62230e7e40cd82001653cc85,0
622312e340cd82001653cc9d,0
6223519340cd82001653cec9,0
6223523e40cd82001653ced7,0
6223552540cd82001653cfbe,0
6223560340cd82001653cff8,0
62236f7540cd82001653d1c0,0
6223ad1a40cd82001653d491,0
6223b09540cd82001653d4b1,0
6223ef0b40cd82001653d97c,0
6223f14e40cd82001653d9b5,0
6223f1f840cd82001653d9e8,0
622488da07e12c00162adf08,0
6224903f07e12c00162adfce,0
622495f007e12c00162ae02a,0
6224e6db07e12c00162ae68e,0
6224fc5107e12c00162ae83f,0
62253eea07e12c00162aed51,0
62259fc25f704400167e1bc7,0
6225a4f05f704400167e1c08,0
6225a8a35f704400167e1c6b,0
6225ab7a5f704400167e1ce3,0
6225fc8b5f704400167e217c,0
6226410f5f704400167e29a0,0
622646145f704400167e2a3e,0
622654e05f704400167e2b52,0
62266a955f704400167e2e67,0
62266ded5f704400167e2ffd,0
622676b35f704400167e31f9,0
62267a205f704400167e334b,0
622707bdd64c5b00163959a4,0
62273f81d64c5b0016396096,0
6227542dd64c5b00163962ff,0
62275a37d64c5b0016396344,0
622787a1d64c5b00163966a6,0
62278e13d64c5b0016396815,0
62279cb4d64c5b0016396a65,0
6227b4cbd64c5b0016396d7c,0
6227ddbdd64c5b0016397159,0
6227df40d64c5b0016397206,0
6227e664d64c5b00163972c8,0
62281aa5d64c5b0016397561,0
62281cabd64c5b00163975c9,0
622894e175acee00166e86a5,0
6228dfb475acee00166e89ef,0
6229169275acee00166e8ca1,0
6229a79c698242001655146a,0
6229a9d5698242001655149b,0
6229e2a769824200165517c4,0
622a4d18698242001655218b,0
622a500d6982420016552222,0
622a52ea698242001655228d,0
622a5414698242001655232b,0
622a7d5969824200165527b3,0
622a7ecb69824200165527fb,0
622a81226982420016552808,0
622a8aee6982420016552888,0
622b3c7b5cb5da00163e45f1,0
622b3f725cb5da00163e464d,0
622b8c085cb5da00163e5088,0
622b991a5cb5da00163e5182,0
622c7a98113b16001661ad01,0
622cffcd113b16001661b514,0
622d0426113b16001661b59c,0
622ed77209420a0016bf4b40,0
622edc1f09420a0016bf4b84,0
622effa009420a0016bf4e4b,0
622f265e09420a0016bf5490,0
622f2a9609420a0016bf54b6,0
6230686b4abd310016a8cf4d,0
62306d3a4abd310016a8cfc3,0
62309f544abd310016a8d24e,0
6230c6874abd310016a8d7e1,0
623170cc4abd310016a8e4eb,0
623174a74abd310016a8e544,0
6231c48fa2be4c0016435f20,0
6231c8b1a2be4c0016435f9c,0
6231dd4fa2be4c0016436174,0
62321da1779cf00016e8d68f,0
62322076779cf00016e8d6fc,0
623264ccf416be0016568f21,0
62326629f416be0016568f58,0
62330725f416be0016569a3f,0
62334a11f416be001656a57b,0
6233584af416be001656a88c,0
62335fc8f416be001656aa07,0
6233a78af416be001656b072,0
6233acd2dba75e0016d5617e,0
623432aadba75e0016d563c6,0
623437fadba75e0016d5655f,0
623460bddba75e0016d56918,0
6234629fdba75e0016d56930,0
6234897bdba75e0016d56ac4,0
6235809d7f35390016f72f05,0
62358a817f35390016f72f4c,0
62358bf67f35390016f72fc4,0
6235bf457f35390016f73365,0
6235d29c7f35390016f73473,0
6235d7d17f35390016f73574,0
6235d9ea7f35390016f735a7,0
623624617f35390016f7396f,0
623722f9d2aa570016eb34e2,0
62372760d2aa570016eb359a,0
623736d5d2aa570016eb374e,0
62373915d2aa570016eb3818,0
62373a9bd2aa570016eb385f,0
62374585d2aa570016eb3975,0
62376796d2aa570016eb3c38,0
62384464f3c9d60016dd4548,0
6238516bf3c9d60016dd462c,0
623852e5f3c9d60016dd467e,0
6238544af3c9d60016dd46d0,0
6238be0cf3c9d60016dd4f2e,0
6238c07ef3c9d60016dd4fac,0
6238c0b6f3c9d60016dd4fce,0
6238c0c4f3c9d60016dd4ff0,0
6238c0ddf3c9d60016dd5012,0
6238d55af3c9d60016dd54f7,0
6238dff3f3c9d60016dd5656,0
6238e3c6f3c9d60016dd569c,0
62391753f8d7280016ae8873,0
62391a63f8d7280016ae890c,0
62393035f8d7280016ae8a4f,0
6239895cf8d7280016ae8da1,0
62399174f8d7280016ae8e30,0
62399c02f8d7280016ae8f64,0
6239a7abf8d7280016ae93a3,0
6239aa06f8d7280016ae941d,0
6239b72ff8d7280016ae96e8,0
6239c45bf8d7280016ae978a,0
6239d230f8d7280016ae9865,0
6239d266f8d7280016ae987b,0
6239f48cf8d7280016ae9a68,0
623a0124f8d7280016ae9b71,0
623a2f4ff8d7280016aea126,0
623a36e8f8d7280016aea2b3,0
623a4413f8d7280016aea447,0
623a9a639922a600166eadda,0
623ace809922a600166eaf41,0
623ad4f19922a600166eafd2,0
623ad69f9922a600166eb008,0
623ad7c39922a600166eb034,0
623b3aa09922a600166eb5ac,0
623b95a19922a600166ebbc0,0
623bb4ea8915630016cac364,0
623bea3f8915630016cac3ba,0
623c2e568915630016cac6ac,0
623c31f18915630016cac790,0
623c37af8915630016cac88b,0
623c61371abb8b0016b2974b,0
623c61f41abb8b0016b297bf,0
623c66f51abb8b0016b298fa,0
623c72ee1abb8b0016b29b02,0
623c75d21abb8b0016b29bc9,0
623c76831abb8b0016b29bef,0
623c77551abb8b0016b29c1c,0
623c780f1abb8b0016b29c5d,0
623c7e841abb8b0016b29d72,0
623caa161abb8b0016b2a2af,0
623cac741abb8b0016b2a2fa,0
623cd50b1abb8b0016b2a63b,0
623cde6f1abb8b0016b2a749,0
623cf51a1abb8b0016b2a874,0
623d763d1abb8b0016b2abac,0
623d9fbdb2922b0016ff18a0,0
623dcc76b2922b0016ff1e33,0
623dce29b2922b0016ff1fc3,0
623dcfe8b2922b0016ff2058,0
623dd00ab2922b0016ff20c5,0
623dd235b2922b0016ff214d,0
623de75db2922b0016ff240e,0
623ef1942bb84e0016d25815,0
623ef22e2bb84e0016d25832,0
623ef2ae2bb84e0016d2589c,0
623ef4d02bb84e0016d258e4,0
623f42d12bb84e0016d25df1,0
623f6a8c2bb84e0016d2607e,0
624017632bb84e0016d266ef,0
624024bb2bb84e0016d267ca,0
6240587c626a1f0016e1ad53,0
62405943626a1f0016e1ad75,0
62405a1f626a1f0016e1adb2,0
62405d18626a1f0016e1ade8,0
62406020626a1f0016e1ae8d,0
62406afb626a1f0016e1af77,0
62408c98626a1f0016e1b26a,0
62409801626a1f0016e1b467,0
6240b289626a1f0016e1b6e9,0
6240b3d5626a1f0016e1b77c,0
6240b433626a1f0016e1b7bc,0
6240b649626a1f0016e1b8d6,0
6240bb7a626a1f0016e1b9c3,0
6240c5f8626a1f0016e1ba47,0
6240c96c626a1f0016e1bad2,0
6240cf88626a1f0016e1bcd7,0
6240d149626a1f0016e1be18,0
6240d58f626a1f0016e1bede,0
6240d87f626a1f0016e1bf20,0
6240e9f0626a1f0016e1bfb4,0
6240ec14626a1f0016e1bfdc,0
6241334e626a1f0016e1c0f0,0
62414a35626a1f0016e1c249,0
6241550c626a1f0016e1c36c,0
62415a48626a1f0016e1c41d,0
62415bb5626a1f0016e1c46f,0
62415bff626a1f0016e1c4a5,0
62418554626a1f0016e1c857,0
624199134e11850016e12896,0
62419ee84e11850016e129a8,0
624245df4e11850016e1375c,0
62424c734e11850016e1380c,0
6242c87b4e11850016e13e51,0
6242ef0e9a34ef001626d279,0
624302b49a34ef001626d4a8,0
624316b09a34ef001626d602,0
624331aa9a34ef001626d7b5,0
624331c69a34ef001626d7bd,0
624335e09a34ef001626d858,0
6243a4bd9a34ef001626df0a,0
6243bacb9a34ef001626df49,0
62443fb49a34ef001626e74b,0
624441ac617240001638266f,0
62444e2261724000163827e3,0
62444f8d6172400016382843,0
62445f5f6172400016382aef,0
6244e53e61724000163835db,0
6244e85b617240001638366c,0
6245bd8f31d76d0016913ff9,0
6245cb1431d76d00169140ab,0
6245dd4331d76d00169142f7,0
6246339531d76d00169148c4,0
6246366931d76d001691493e,0
6246917c31d76d0016914b42,0
6246c78531d76d001691501c,0
624718be4260570016d188e8,0
62471d2b4260570016d188f3,0
62488a9afcf262001641b9c9,0
6248c68efcf262001641bc38,0
6248e35cfcf262001641bd86,0
6248eed5fcf262001641bdcf,0
6248f946fcf262001641be05,0
62493599fcf262001641bee8,0
62496106fcf262001641c059,0
624971b0fcf262001641c098,0
62497374fcf262001641c0ad,0
624976f9fcf262001641c111,0
624a2ec2db2c0f0016b3a390,0
624abc2bdb2c0f0016b3a9a4,0
624ae1f4db2c0f0016b3ad9b,0
624ae636db2c0f0016b3ae50,0
624aeb93db2c0f0016b3aef3,0
624aeccfdb2c0f0016b3af31,0
624aed46db2c0f0016b3af53,0
624b45a935bde80016111ff1,0
624b484335bde800161122a1,0
624b4f6935bde80016112481,0
624b576035bde80016112565,0
624b58ab35bde80016112592,0
624b5ca035bde80016112657,0
624b704235bde80016112a87,0
624bc2be35bde80016113271,0
624be1fa35bde800161134e8,0
624be71c35bde8001611355f,0
624be98335bde80016113646,0
624c09ad35bde80016113c89,0
624c0dc535bde80016113dc6,0
624c102035bde80016113e20,0
624c10b735bde80016113e56,0
624c1ae135bde80016113faa,0
624c1f2235bde80016114040,0
624c201335bde800161140b2,0
624c247e35bde8001611418c,0
624c284335bde8001611421d,0
624c373835bde8001611436b,0
624c4c0e35bde80016114681,0
624c6abb3f28d00016a34973,0
624c77653f28d00016a34a8e,0
624c8c543f28d00016a34f5e,0
624ca10d3f28d00016a354f2,0
624ca6cd3f28d00016a3557a,0
624cab613f28d00016a35645,0
624caf9f3f28d00016a356df,0
624cafbe3f28d00016a356f0,0
624cb1b03f28d00016a357c7,0
624ce3223f28d00016a35c9c,0
624ce91a3f28d00016a35d0e,0
624cebd53f28d00016a35de9,0
624cee163f28d00016a35e1f,0
624cf16c3f28d00016a35e5d,0
624cf31f3f28d00016a35e9f,0
624d1d1b3f28d00016a35fca,0
624d31d03f28d00016a360f5,0
624d538e3f28d00016a3634a,0
624d8bbb3f28d00016a3692f,0
624d8e113f28d00016a3696f,0
624d8fb63f28d00016a36988,0
624da1643f28d00016a36c1d,0
624daa7c0d74fb001670c6ea,0
624dab3e0d74fb001670c727,0
624dae4a0d74fb001670c7d9,0
624db5ed0d74fb001670c913,0
624dbd3a0d74fb001670ca14,0
624dc8700d74fb001670cb94,0
624dcc710d74fb001670cc4f,0
624dcd370d74fb001670cc91,0
624dcf870d74fb001670cd1e,0
624dcff50d74fb001670cd3e,0
624dd1100d74fb001670ce5e,0
624dd2810d74fb001670cebf,0
624de3e70d74fb001670d16c,0
624e05080d74fb001670d5be,0
624e0bfe0d74fb001670d5e8,0
624e177b0d74fb001670d88a,0
624e31900d74fb001670dbc2,0
624e6dd80d74fb001670dce5,0
624ede3b0d74fb001670e953,0
624ee2d60d74fb001670e9f5,0
624ee8760d74fb001670ea56,0
624ee9150d74fb001670ea8c,0
624ee9da0d74fb001670eaa4,0
624eeaef0d74fb001670eaca,0
624eede80d74fb001670eb38,0
624f12bee957690016d8aa50,0
624f3229e957690016d8adc6,0
624f3250e957690016d8adfb,0
624f33e6e957690016d8ae8f,0
624f3ce9e957690016d8afae,0
624f3da8e957690016d8b010,0
624f4926e957690016d8b107,0
624f56b9e957690016d8b3df,0
624f57ece957690016d8b41e,0
624fd02be957690016d8b787,0
624ffeefe957690016d8bb13,0
62500d1ae957690016d8bc67,0
62500e50e957690016d8bd10,0
62501024e957690016d8bd4d,0
625018b3e957690016d8be42,0
62501f78e957690016d8bed5,0
62502055e957690016d8bf4d,0
625025d6e957690016d8bf8a,0
62503d9ae957690016d8c0de,0
625042bbe957690016d8c11c,0
625045abe957690016d8c19e,0
62504acde957690016d8c205,0
62504da1e957690016d8c2e6,0
62504fd3e957690016d8c3c2,0
62506602b4f6a400169754d9,0
62507077b4f6a4001697569f,0
62508bb9b4f6a4001697588d,0
62509a26b4f6a400169759c2,0
6250ae98b4f6a40016975ca9,0
6250b316b4f6a40016975de7,0
6250c0f5b4f6a40016975f7b,0
6250dbd1b4f6a4001697611d,0
6250dfcab4f6a40016976160,0
62511a99b4f6a4001697634b,0
62515d82b4f6a40016976874,0
62518241b4f6a40016976b44,0
6251ab3d5e6ea600168e73db,0
6251cf385e6ea600168e7479,0
6251d4495e6ea600168e756e,0
6251d7bc5e6ea600168e75fe,0
6251d7e05e6ea600168e7609,0
6251da7e5e6ea600168e763f,0
6251e7175e6ea600168e77bf,0
6251eaf05e6ea600168e77da,0
625210ab5e6ea600168e7e3a,0
625250905e6ea600168e822d,0
625250e95e6ea600168e8232,0
625281b45e6ea600168e82f8,0
6252b05d5e6ea600168e84d8,0
6252b3235e6ea600168e85e7,0
6252f43f5e6ea600168e89fd,0
6253009f5e6ea600168e8c6b,0
625300d95e6ea600168e8ca1,0
625308a6eed5f300162d331b,0
6253093aeed5f300162d334e,0
62533a86eed5f300162d380c,0
62533e0aeed5f300162d38bc,0
625342beeed5f300162d396d,0
625343c3eed5f300162d39ca,0
625343cceed5f300162d39f6,0
625347d9eed5f300162d3b73,0
62534961eed5f300162d3cbf,0
62534e17eed5f300162d3d4f,0
62535059eed5f300162d3da0,0
625357b6eed5f300162d3e81,0
6253da33eed5f300162d42e3,0
6253f2c4eed5f300162d44f5,0
6254553ef2f83800165d6c5a,0
6254614cf2f83800165d7186,0
625467a3f2f83800165d72e1,0
62546eb9f2f83800165d7556,0
6254757af2f83800165d7702,0
625477dcf2f83800165d77fb,0
625479a0f2f83800165d7847,0
62547eb7f2f83800165d7989,0
62547efcf2f83800165d79d9,0
6254806df2f83800165d7a6e,0
625480f6f2f83800165d7ad8,0
62548288f2f83800165d7bbe,0
6254836ff2f83800165d7bf9,0
625486acf2f83800165d7d0e,0
62548b1df2f83800165d7d84,0
62549199f2f83800165d7eef,0
625491b4f2f83800165d7f49,0
625491d8f2f83800165d7f9f,0
6254922bf2f83800165d7fd2,0
6254a90df2f83800165d84be,0
6254aa3df2f83800165d84f4,0
6254b109f2f83800165d8698,0
6254d8d6f2f83800165d89e4,0
6254df4ef2f83800165d8a86,0
6254ecaaf2f83800165d8d08,0
6254ee90f2f83800165d8dec,0
6254ef82f2f83800165d8e59,0
625516dcf2f83800165d9019,0
62552297f2f83800165d923b,0
625522e0f2f83800165d928e,0
6255232ff2f83800165d92c2,0
625531b1f2f83800165d957b,0
625534b0f2f83800165d95d6,0
62554aeef2f83800165d984f,0
62555e76f2f83800165d9935,0
6255606df2f83800165d9968,0
6255654af2f83800165d9a04,0
62556718f2f83800165d9a6b,0
62556ed3f2f83800165d9b17,0
62556f5cf2f83800165d9b23,0
6255762df2f83800165d9bdb,0
62558cd4f2f83800165da0fb,0
62559198f2f83800165da314,0
625593e0f2f83800165da37a,0
625594cdf2f83800165da397,0
62559527f2f83800165da3cd,0
625598def2f83800165da43b,0
6255993bf2f83800165da48c,0
62559bb7f2f83800165da54f,0
6255b2601b75fa0016d87873,0
6255d7cf1b75fa0016d87a80,0
6255dbbd1b75fa0016d87af5,0
6255dd701b75fa0016d87b29,0
6255df521b75fa0016d87bfe,0
6255f4b21b75fa0016d87ea4,0
6255f6fc1b75fa0016d88070,0
6255f7301b75fa0016d880f1,0
6255f7911b75fa0016d880ff,0
6255f92a1b75fa0016d881fc,0
6255f9f21b75fa0016d8827c,0
6255fa691b75fa0016d882e9,0
6255fb051b75fa0016d88336,0
62564dfe1b75fa0016d88781,0
625660e61b75fa0016d88826,0
625663171b75fa0016d88879,0
62567fd91b75fa0016d88ce5,0
625681b61b75fa0016d88d4f,0
625682731b75fa0016d88daf,0
62568df31b75fa0016d88e3b,0
62569cb01b75fa0016d88f91,0
6256aa8c1b75fa0016d890cd,0
6256ad701b75fa0016d89181,0
6256b2221b75fa0016d891f7,0
6256b3c71b75fa0016d8928b,0
6256b5551b75fa0016d89364,0
6256b72d1b75fa0016d89484,0
6256ba921b75fa0016d8955f,0
6256bbbd1b75fa0016d89596,0
6256bbfd1b75fa0016d895cc,0
6256bd641b75fa0016d89647,0
6256beb41b75fa0016d896f6,0
6256bf561b75fa0016d8974b,0
6256c0ff1b75fa0016d897bb,0
6256c77b1b75fa0016d89945,0
6256cb2c1b75fa0016d899bb,0
6256d4901b75fa0016d89aef,0
6256e8e91b75fa0016d89d6f,0
6257009d1b75fa0016d89fd2,0
625727349b0aff0016fae2e7,0
625728ff9b0aff0016fae306,0
62572a449b0aff0016fae394,0
62572e339b0aff0016fae3ca,0
625767f99b0aff0016fae808,0
6257d1ff9b0aff0016faeee1,0
6257d2859b0aff0016faef34,0
6257d7ac9b0aff0016faf040,0
6257db9b9b0aff0016faf076,0
6257dde89b0aff0016faf0ac,0
6257fa0b9b0aff0016faf5e7,0
6258102d9b0aff0016faf827,0
62582f649b0aff0016fafd1b,0
6258335c9b0aff0016fafdba,0
625833e19b0aff0016fafe0a,0
6258345c9b0aff0016fafe53,0
625839389b0aff0016faff13,0
62583b8c9b0aff0016faff49,0
62583d889b0aff0016faff98,0
625841f09b0aff0016fb0004,0
625842fe9b0aff0016fb009f,0
62584a089b0aff0016fb01af,0
62584ec89b0aff0016fb0285,0
625852ff9b0aff0016fb02bb,0
625854e39b0aff0016fb02f1,0
62586d8450d0b00016a41f06,0
62586f6150d0b00016a41f5b,0
6258ecd250d0b00016a42400,0
6259125d50d0b00016a426a8,0
625913e350d0b00016a42706,0
6259173b50d0b00016a42741,0
6259262550d0b00016a429f3,0
6259279a50d0b00016a42aab,0
62592bad50d0b00016a42c09,0
62592c2950d0b00016a42c3f,0
6259329e50d0b00016a42d77,0
6259348d50d0b00016a42dae,0
62595c6050d0b00016a4305e,0
62598cba50d0b00016a43354,0
6259917f50d0b00016a433ea,0
625a399df4d56c0016c18b3c,0
625a661cf4d56c0016c18c6a,0
625a6f1df4d56c0016c18e3e,0
625a7355f4d56c0016c18f27,0
625a76b5f4d56c0016c1900b,0
625a7918f4d56c0016c19099,0
625a7aabf4d56c0016c190e4,0
625a7d3ff4d56c0016c1929b,0
625a986df4d56c0016c1952c,0
625aab9ef4d56c0016c19701,0
625aac34f4d56c0016c197e4,0
625ab219f4d56c0016c19894,0
625ad340f4d56c0016c19c4e,0
625ad7edf4d56c0016c19cc0,0
625adc4df4d56c0016c19d8f,0
625ae76ff4d56c0016c19feb,0
625ae8def4d56c0016c1a021,0
625aeafef4d56c0016c1a057,0
625aebe8f4d56c0016c1a0a2,0
625aeddbf4d56c0016c1a129,0
625aef3ef4d56c0016c1a15f,0
625b1751f03de30016cc62ea,0
625b1a43f03de30016cc636b,0
625b2619f03de30016cc6467,0
625b270df03de30016cc64e7,0
625b2810f03de30016cc65c7,0
625b28fbf03de30016cc65fd,0
625b2ae0f03de30016cc6633,0
625b2c9cf03de30016cc6655,0
625b8bb3f03de30016cc6a35,0
625b95a1f03de30016cc6b40,0
625be692f03de30016cc6ece,0
625c19e9f03de30016cc7129,0
625c3e53f03de30016cc7320,0
625c4db7f03de30016cc74e5,0
625c5732f03de30016cc75b6,0
625c653056bb0600168901b0,0
625c6c1c56bb060016890507,0
625c6c1e56bb060016890521,0
625c6fc256bb060016890678,0
625c708c56bb06001689071e,0
625c77e256bb0600168908c4,0
625c817056bb060016890b03,0
625c9e5a56bb060016890d7c,0
625ca22c56bb060016890db2,0
625cf60256bb0600168911d7,0
625d0cb756bb060016891305,0
625d2d0056bb06001689169c,0
625d352756bb06001689191f,0
625d4e8456bb060016891a76,0
625d51a856bb060016891aab,0
625d70d156bb060016891d81,0
625d7bbe56bb060016891e4e,0
625d7f9156bb060016891ee0,0
625d80fa56bb060016891f3a,0
625d871456bb060016891fe8,0
625d8ea556bb060016892039,0
625d929956bb06001689211c,0
625dbc3e8cce450016bde915,0
625dc97a8cce450016bdeb43,0
625dcf6a8cce450016bdebaa,0
625dd6be8cce450016bdecaf,0
625dd9848cce450016bdedc8,0
625e39988cce450016bdf076,0
625e56e28cce450016bdf0db,0
625e593a8cce450016bdf136,0
625e5b1a8cce450016bdf190,0
625e5be78cce450016bdf1c6,0
625e5e8f8cce450016bdf20f,0
625e6b7c8cce450016bdf28c,0
625e76228cce450016bdf397,0
625e7a7a8cce450016bdf3cd,0
625e7f1c8cce450016bdf4de,0
625e839d8cce450016bdf5f8,0
625e86e18cce450016bdf68c,0
625ea84e8cce450016bdfaba,0
625ea9c08cce450016bdfb1e,0
625eab948cce450016bdfb33,0
625eb2dd8cce450016bdfdc5,0
625ed7438cce450016be0127,0
625f0e2aa18fc200167c85a7,0
625f248ea18fc200167c889c,0
625f2542a18fc200167c88c8,0
625f2631a18fc200167c88fb,0
625f2c5ea18fc200167c89cd,0
625f4787a18fc200167c8aee,0
625fc3c7a18fc200167c926d,0
625feaa2a18fc200167c9b6c,0
625fec81a18fc200167c9c50,0
625ff159a18fc200167c9f51,0
625ff6daa18fc200167ca17f,0
62600f02a18fc200167ca48a,0
62600f7ba18fc200167ca4c0,0
62601760a18fc200167ca660,0
62602a0aa18fc200167ca8d1,0
62603a12a18fc200167cac55,0
62603bbfa18fc200167cac81,0
62603da6a18fc200167cacb8,0
62606161a18fc200167cb0c7,0
62606da75cb1a80016521af6,0
6260f0e25cb1a80016522020,0
6261161e5cb1a80016522303,0
626117785cb1a8001652232b,0
626118075cb1a80016522342,0
62612b565cb1a800165225e5,0
626135af5cb1a80016522761,0
626145db5cb1a80016522a13,0
626148515cb1a80016522a63,0
626149605cb1a80016522a79,0
626163755cb1a80016522ba0,0
626170655cb1a80016522cd7,0
6261ceb20f78510016619f8f,0
6261cee80f78510016619fc5,0
6261d0d60f78510016619ffe,0
62624a840f7851001661a5f5,0
626269240f7851001661aa7e,0
62626e970f7851001661af10,0
626271160f7851001661b08c,0
626272df0f7851001661b17d,0
6262782f0f7851001661b287,0
62627b920f7851001661b3da,0
62627c740f7851001661b522,0
62627e240f7851001661b5f0,0
6262b5b80f7851001661bf51,0
6262bb580f7851001661c180,0
6262c1470f7851001661c2b5,0
6262c18a0f7851001661c2bc,0
6262eabf0f7851001661c672,0
62631b1a472ed50016279baf,0
626321fe472ed50016279cac,0
62632371472ed50016279cf4,0
62633ada472ed50016279dac,0
626351de472ed50016279eb5,0
62635e14472ed50016279f23,0
626384e4472ed5001627a0fd,0
6263872d472ed5001627a13c,0
626391f8472ed5001627a31a,0
6263994c472ed5001627a43d,0
6263b273472ed5001627a52b,0
6263b5b6472ed5001627a561,0
6263b7bd472ed5001627a597,0
6263bef0472ed5001627a635,0
6263c40d472ed5001627a6f5,0
6263ca7d472ed5001627a758,0
6263cc51472ed5001627a7fc,0
6263ccda472ed5001627a815,0
6263d03c472ed5001627a86f,0
6263d049472ed5001627a881,0
6263d96b472ed5001627a932,0
6263dd80472ed5001627a96f,0
6263f17a472ed5001627aa71,0
6263f4a3472ed5001627aaf5,0
6263f7ed472ed5001627ab64,0
6263fb7c472ed5001627abd4,0
6263ffea472ed5001627ac7f,0
626412a8472ed5001627ae58,0
62641709472ed5001627aef4,0
626417c7472ed5001627af1e,0
62641986472ed5001627af36,0
62641c4b472ed5001627afa6,0
62641c70472ed5001627afbe,0
62641c8d472ed5001627afd6,0
62641cf3472ed5001627afec,0
62641e9e472ed5001627b0dc,0
6264200e472ed5001627b16a,0
62642077472ed5001627b1b0,0
6264412d472ed5001627b589,0
6264662d472ed5001627b97b,0
62647f3d14460a0016f28d7d,0
6264c00914460a0016f28e9a,0
6264db5214460a0016f28f83,0
6264f26814460a0016f29040,0
6265800a14460a0016f29925,0
626581c214460a0016f299ae,0
6265a3fc14460a0016f29c05,0
6265afd314460a0016f29df3,0
6265b72614460a0016f2a098,0
6265c7689976650016019a9e,0
6265d2589976650016019be5,0
626639589976650016019f0d,0
62663c269976650016019f63,0
6266659f2f956a00162f7ca8,0
626672962f956a00162f7ff3,0
626672f52f956a00162f801f,0
6266759a2f956a00162f805d,0
626679cd2f956a00162f80fa,0
6266b84f2f956a00162f875c,0
6266c3402f956a00162f880b,0
6266e8ba2f956a00162f8ac3,0
62670b8f2f956a00162f8d0e,0
62671ccf2f956a00162f8ed1,0
62671e492f956a00162f8f0f,0
626722e52f956a00162f8fa3,0
62678a002f956a00162f962f,0
626796912f956a00162f96fe,0
6267c2cf0efdc00016cc6c18,0
6267c2e00efdc00016cc6c1d,0
6267c9bf0efdc00016cc6d74,0
6267ce460efdc00016cc6eb2,0
6267cec80efdc00016cc6eca,0
6267d2560efdc00016cc70aa,0
6267d6a40efdc00016cc7145,0
6267da000efdc00016cc725c,0
6267e5120efdc00016cc74e2,0
6267e8d60efdc00016cc7581,0
6267eb610efdc00016cc7696,0
6267ed880efdc00016cc782e,0
626814060efdc00016cc7cb7,0
6268170c0efdc00016cc7cf9,0
62682f7c0efdc00016cc7fdd,0
626856b20efdc00016cc81b6,0
626868760efdc00016cc8236,0
626878830efdc00016cc8502,0
6269121ac27777001653e7a8,0
62692007c27777001653e9b3,0
626925f6c27777001653eb2e,0
62692a47c27777001653eca5,0
62692cffc27777001653eed4,0
62693162c27777001653efdf,0
6269633dc27777001653f7e6,0
62698df3c27777001653fb6c,0
6269948ec27777001653fc25,0
62699662c27777001653fc58,0
62699950c27777001653fd3d,0
62699d76c27777001653ff2f,0
6269e2cac2777700165402d4,0
6269e520c277770016540382,0
6269ead8c2777700165403c3,0
626a4c73c27777001654074b,0
626a520fc2777700165408c9,0
626a6ce7a4d463001638d3a9,0
626a6e36a4d463001638d406,0
626a7466a4d463001638d594,0
626a7ab1a4d463001638d725,0
626a7c53a4d463001638d7b7,0
626a7d35a4d463001638d7c8,0
626a7de1a4d463001638d7fe,0
626a8225a4d463001638d8b7,0
626a8565a4d463001638d976,0
626a9383a4d463001638db49,0
626a951da4d463001638dbea,0
626a974aa4d463001638dc1e,0
626ad981a4d463001638e3f2,0
626af865a4d463001638e71d,0
626afac3a4d463001638e788,0
626afed8a4d463001638e9bd,0
626b03c2a4d463001638eaea,0
626b03efa4d463001638eb3c,0
626b0573a4d463001638ebea,0
626ba1faa4d463001638f675,0
626ba9b9a4d463001638f6d3,0
626bac72a4d463001638f74a,0
626baea7a4d463001638f7b2,0
626bc96ba2b9bf00169352a1,0
626be996a2b9bf0016935618,0
626bef37a2b9bf00169356af,0
626befaba2b9bf00169356f4,0
626bf822a2b9bf00169357de,0
626c1bf4a2b9bf0016935a5c,0
626cafb3a2b9bf00169360e9,0
626cbc0ba2b9bf0016936213,0
626cd82ba2b9bf00169362bf,0
626cdbada2b9bf001693638e,0
626cdc83a2b9bf00169363bf,0
626cdd19a2b9bf001693642e,0
626ce454a2b9bf001693651f,0
626ce504a2b9bf0016936555,0
626d3633adf2870016df185d,0
626d3d4fadf2870016df1a39,0
626d46a8adf2870016df1b33,0
626d4d39adf2870016df1c52,0
626d507dadf2870016df1d81,0
626d51a0adf2870016df1de9,0
626d5286adf2870016df1e1d,0
626d5477adf2870016df1ee8,0
626d7f04adf2870016df23ed,0
626d8330adf2870016df2515,0
626d90b7adf2870016df288a,0
626d9b74adf2870016df2a3a,0
626da1c7adf2870016df2b43,0
626da44cadf2870016df2bad,0
626e2b91adf2870016df33a3,0
626e2f6fadf2870016df3449,0
626e34c5adf2870016df35ea,0
626eace8a240420016cc3c46,0
626ecc9aa240420016cc3edd,0
626ef32fa240420016cc4260,0
626ef8d8a240420016cc4403,0
626efb1ea240420016cc4448,0
626efce1a240420016cc4485,0
626f0f5ca240420016cc4528,0
626f117ca240420016cc4548,0
626f120ea240420016cc457d,0
626f1b51a240420016cc467c,0
626f7e7ba240420016cc4927,0
626f8f1ca240420016cc4a87,0
626fa52ba240420016cc4c78,0
626fa67ca240420016cc4cdf,0
626fa84ea240420016cc4d21,0
626fab4da240420016cc4d8e,0
626fadd9a240420016cc4e30,0
626faed2a240420016cc4e35,0
626faf89a240420016cc4e47,0
62702ad39617660016552cd1,0
62702d0b9617660016552d31,0
62702e919617660016552d62,0
627032519617660016552e08,0
6270338e9617660016552e9a,0
627034d19617660016552f7c,0
62703f869617660016553331,0
6270490d9617660016553467,0
62704c1c961766001655350d,0
62705c309617660016553754,0
62705f6e9617660016553834,0
627062bc961766001655398a,0
627062be96176600165539c0,0
62706ed69617660016553a9b,0
627082f99617660016553b4b,0
6270973f9617660016553bfc,0
6270cb1a9617660016553f90,0
6270cc10961766001655400d,0
6270defb96176600165542c7,0
6270fbc08ec9010016fc4379,0
6270ff438ec9010016fc441c,0
6271035e8ec9010016fc45cb,0
6271036f8ec9010016fc4601,0
6271098c8ec9010016fc4852,0
62710a888ec9010016fc48b4,0
62710ab08ec9010016fc48e9,0
62710bc38ec9010016fc491e,0
6271103d8ec9010016fc4a98,0
627111208ec9010016fc4afa,0
627114708ec9010016fc4b6d,0
6271344c8ec9010016fc4f92,0
627135948ec9010016fc500f,0
62713ac18ec9010016fc5111,0
62716a348ec9010016fc55b7,0
62716c0a8ec9010016fc5602,0
6271a1cb8ec9010016fc5bf1,0
6271a9dc8ec9010016fc5d17,0
6271aea28ec9010016fc5dc7,0
6271afa88ec9010016fc5dd0,0
6271b31a8ec9010016fc5e36,0
6271b54e8ec9010016fc5f27,0
6271b5b18ec9010016fc5f5d,0
6271bb5f8ec9010016fc602b,0
6271bb648ec9010016fc605c,0
6271be268ec9010016fc609e,0
6271c28f8ec9010016fc60e8,0
6271d4d88ec9010016fc626d,0
627223038ec9010016fc6995,0
627225ce8ec9010016fc6ab7,0
62722f1c8ec9010016fc6d10,0
6272336a8ec9010016fc6f2e,0
627241988ec9010016fc7161,0
627241c98ec9010016fc7181,0
627242a48ec9010016fc71c4,0
627242c18ec9010016fc71e4,0
6272435a8ec9010016fc723f,0
627253410eca6300162f0f44,0
627256230eca6300162f0fe6,0
627256b00eca6300162f1023,0
62726e7c0eca6300162f1397,0
6272744e0eca6300162f1569,0
627277070eca6300162f163c,0
6272856e0eca6300162f1832,0
627286f80eca6300162f1872,0
62728a710eca6300162f1938,0
62728c990eca6300162f1a24,0
62728d490eca6300162f1a50,0
62728e0f0eca6300162f1a9c,0
627293c70eca6300162f1b21,0
627294050eca6300162f1b89,0
627295060eca6300162f1bf1,0
627295630eca6300162f1c59,0
627295b40eca6300162f1ccf,0
62729b270eca6300162f1f09,0
62729d090eca6300162f1ffd,0
62729e9e0eca6300162f2055,0
62729eb60eca6300162f20bd,0
6272a04a0eca6300162f210b,0
6272a1fd0eca6300162f221a,0
6272a46c0eca6300162f2281,0
6272a6530eca6300162f2306,0
6272ae6c0eca6300162f2451,0
6272aff40eca6300162f24b6,0
6272b3c20eca6300162f2588,0
6272c3dc0eca6300162f28d7,0
6272df0c0eca6300162f3037,0
6272e2870eca6300162f318a,0
6272e3310eca6300162f3242,0
6272e4700eca6300162f32cf,0
6272e8d20eca6300162f3668,0
6272e9370eca6300162f368d,0
6272eef30eca6300162f3855,0
6272f8ea0eca6300162f3932,0
6272f9ee0eca6300162f39a1,0
6272ff130eca6300162f3af5,0
6273248b0eca6300162f3c55,0
62732e1e0eca6300162f3d1d,0
627330e10eca6300162f3d53,0
6273322a0eca6300162f3dd5,0
6273377d0eca6300162f3f11,0
62736d368907e90016bf902b,0
62737fa58907e90016bf930f,0
6273a34c8907e90016bf99da,0
6273b1988907e90016bf9d30,0
6273b61a8907e90016bf9ea9,0
6273bbf28907e90016bfa2e8,0
6273c2848907e90016bfa6a5,0
6273c4ce8907e90016bfa727,0
6273c5188907e90016bfa78d,0
6273c6a08907e90016bfa841,0
6273ca318907e90016bfa901,0
6273ca578907e90016bfa936,0
6273cb028907e90016bfa972,0
6273d1a18907e90016bfaa9f,0
6273d39d8907e90016bfab8c,0
6273d71f8907e90016bfac20,0
6273d8a18907e90016bfac71,0
6273d8bb8907e90016bfacb9,0
6273d9278907e90016bfacf6,0
6273d9898907e90016bfad56,0
6273dd2f8907e90016bfadb4,0
6273ef428907e90016bfb3d1,0
6273f0398907e90016bfb507,0
6273f6288907e90016bfb7df,0
6273fe7e8907e90016bfb9ca,0
6274012f8907e90016bfbb76,0
627401e38907e90016bfbbca,0
627403d28907e90016bfbcb8,0
627405b18907e90016bfbdfc,0
627407098907e90016bfbec5,0
627411478907e90016bfc167,0
627414f88907e90016bfc1ec,0
62742ace8907e90016bfc54a,0
62742c9b8907e90016bfc5c9,0
62742f0c8907e90016bfc62f,0
62742f198907e90016bfc665,0
62742f588907e90016bfc6c7,0
62742fbe8907e90016bfc749,0
627432cb8907e90016bfc857,0
627433208907e90016bfc88d,0
627434348907e90016bfc928,0
627434408907e90016bfc95e,0
627434ba8907e90016bfc9b0,0
62743a708907e90016bfcb94,0
62743ac58907e90016bfcbdd,0
62743b178907e90016bfcc5e,0
62743c008907e90016bfcd07,0
62743cca8907e90016bfcd62,0
62743daa8907e90016bfcd9e,0
62743f1e8907e90016bfcea1,0
627444f18907e90016bfd0f3,0
627446be8907e90016bfd19f,0
627447a08907e90016bfd203,0
62744a658907e90016bfd46c,0
62744b558907e90016bfd4a0,0
62744c678907e90016bfd59c,0
627451028907e90016bfd6c8,0
627454158907e90016bfd764,0
62745dbb8907e90016bfd7c9,0
627466148907e90016bfd89b,0
627467b78907e90016bfd8b6,0
62746a478907e90016bfd917,0
6274a2fb6542e5001636fa19,0
6274ab076542e5001636fac5,0
6274accd6542e5001636fb09,0
6274b1896542e5001636fbb5,0
6274b2da6542e5001636fbf4,0
6274b2eb6542e5001636fc2a,0
6274b3db6542e5001636fc60,0
6274b4fe6542e5001636fc9d,0
6274ba376542e5001636fd3a,0
6274c4c86542e5001636fe8d,0
6274c85a6542e5001636fef5,0
6274c9366542e5001636ffa3,0
6274c94f6542e5001636ffa8,0
6274c96e6542e5001636ffc5,0
6274cd7c6542e500163700b0,0
6274ceaf6542e500163700c8,0
6274cf3d6542e5001637012b,0
6274d1116542e5001637019d,0
6274d16a6542e500163701eb,0
6274d21b6542e50016370206,0
6274d2ab6542e5001637021e,0
6274d3376542e50016370254,0
6274d4216542e500163702ac,0
6274d56c6542e50016370320,0
6274d6b86542e50016370369,0
6274d7ec6542e500163703d0,0
6274f8076542e50016370a51,0
62750c2d6542e50016370daf,0
62750c8c6542e50016370dfc,0
627514e86542e500163710fd,0
6275155d6542e50016371126,0
62751b106542e5001637135c,0
62751c306542e5001637141a,0
62751db16542e50016371588,0
62751ee26542e5001637179d,0
627521776542e50016371a44,0
627521b56542e50016371a6e,0
627523646542e50016371b7f,0
62752b676542e50016371ce8,0
627530046542e50016371ed6,0
627542276542e500163720ce,0
627543b86542e5001637214b,0
627545f16542e50016372182,0
62754db56542e500163722fb,0
627552026542e500163723a8,0
627556266542e50016372435,0
6275672b6542e50016372aae,0
62756d926542e50016372c2e,0
627571b56542e50016372e7f,0
62757f9d6542e500163730ac,0
62757fe36542e500163730e1,0
62758ea96542e5001637341b,0
627593336542e500163735a8,0
627595396542e50016373634,0
627596626542e50016373672,0
627596d46542e500163736d3,0
627599e86542e500163737a2,0
62759bf26542e5001637382c,0
62759cae6542e50016373882,0
6275a3066542e50016373ca6,0
6275a5096542e50016373ce6,0
6275a8b26542e50016373d67,0
6275ad376542e50016373e26,0
6275ae456542e50016373ece,0
6275ae7a6542e50016373ed9,0
6275b0c76542e50016373fd9,0
6275b1146542e50016374069,0
6275b4996542e500163740e2,0
6275b6506542e50016374138,0
6275b7696542e500163741a5,0
6275b83f6542e500163741db,0
6275bfb86542e50016374236,0
6275ca376542e50016374301,0
6275ccc06542e5001637432d,0
6275cdfd6542e50016374359,0
6275d0036542e5001637438f,0
6275dd776542e5001637454e,0
6275e2286542e500163745d9,0
6275e2b16542e50016374648,0
627614d51cc1a90016e59e2e,0
627618881cc1a90016e59ea7,0
627618ea1cc1a90016e59f0f,0
6276243e1cc1a90016e5a05b,0
627632301cc1a90016e5a2f5,0
627641ca1cc1a90016e5a5f0,0
6276431a1cc1a90016e5a633,0
6276439e1cc1a90016e5a668,0
627663c71cc1a90016e5aa8c,0
6276657f1cc1a90016e5ab15,0
627669151cc1a90016e5ac4e,0
627670ed1cc1a90016e5ae16,0
6276818e1cc1a90016e5afe6,0
62769f0b1cc1a90016e5b1cb,0
6276d44b1cc1a90016e5b60e,0
6276e5431cc1a90016e5b935,0
6276e5441cc1a90016e5b94b,0
6276e71f1cc1a90016e5b98b,0
6276ebb51cc1a90016e5b9c1,0
6276fd261cc1a90016e5bd6a,0
627701d61cc1a90016e5bda7,0
62774983c52c4100167b3032,0
62775724c52c4100167b3374,0
62776889c52c4100167b35a3,0
62776bb1c52c4100167b3669,0
6277873dc52c4100167b3829,0
62778f19c52c4100167b3adb,0
627790eec52c4100167b3b01,0
627797a2c52c4100167b3bbc,0
62779d0ac52c4100167b3ce9,0
62779fc7c52c4100167b3deb,0
6277b61cc52c4100167b41e5,0
6277b9f5c52c4100167b43ea,0
6277bbe2c52c4100167b44a7,0
6277bcd5c52c4100167b4570,0
6277bcf3c52c4100167b45e9,0
6277c009c52c4100167b4722,0
6277c85fc52c4100167b4883,0
6277c86bc52c4100167b4888,0
6277c966c52c4100167b48e8,0
6277cdc7c52c4100167b494e,0
6277dad5c52c4100167b4bd7,0
6277dbf6c52c4100167b4bfe,0
6278062ec52c4100167b50c0,0
627807c2c52c4100167b50e1,0
627808fdc52c4100167b513d,0
62780a0cc52c4100167b51f0,0
62781dafc52c4100167b5793,0
62781eb7c52c4100167b57c9,0
627823f2c52c4100167b5877,0
62782f87c52c4100167b5ba6,0
627831d3c52c4100167b5c9c,0
62783691c52c4100167b5db8,0
62783a54c52c4100167b5dfa,0
62783f15c52c4100167b5f2e,0
62784395c52c4100167b6027,0
627843c7c52c4100167b605b,0
627845c8c52c4100167b6103,0
627845eec52c4100167b6155,0
627845f7c52c4100167b618b,0
62784dacc52c4100167b6254,0
62784fa2c52c4100167b6299,0
62785251c52c4100167b62d6,0
62785e13c52c4100167b6395,0
62786574c52c4100167b63f9,0
62787c66c52c4100167b64d1,0
62787f53c52c4100167b6539,0
6278823ac52c4100167b65a1,0
627885a9c52c4100167b6732,0
627889a3c52c4100167b6848,0
62788f22c52c4100167b68ef,0
6278ace82ec29c0016e46a9a,0
6278c2912ec29c0016e46e2a,0
6278c6d02ec29c0016e46e8a,0
6278c7362ec29c0016e46ebc,0
6278cf742ec29c0016e47157,0
6278f5592ec29c0016e47644,0
6278f7d02ec29c0016e476d7,0
627928752ec29c0016e47bbc,0
62793c192ec29c0016e47f1e,0
62793db72ec29c0016e47f54,0
627941fb2ec29c0016e48010,0
627942c82ec29c0016e4805b,0
6279457c2ec29c0016e480b2,0
62794c3e2ec29c0016e482da,0
627952ad2ec29c0016e48556,0
62798ae22ec29c0016e48ff2,0
6279920a2ec29c0016e490c9,0
627a03c86a20f40016c0715c,0
627a07306a20f40016c0729f,0
627a09e46a20f40016c072dc,0
627a0ec86a20f40016c073b6,0
627a11af6a20f40016c0741c,0
627a14446a20f40016c074da,0
627a160b6a20f40016c0756b,0
627a8ce86a20f40016c09d21,0
627aa2fd6a20f40016c0a20d,0
627aa3656a20f40016c0a275,0
627ab0276a20f40016c0a61a,0
627ab1456a20f40016c0a766,0
627ab1b26a20f40016c0a847,0
627ab2916a20f40016c0a9c7,0
627ab32b6a20f40016c0aa9e,0
627abf726a20f40016c0b0d2,0
627ae2b66a20f40016c0b62e,0
627af4ea6a20f40016c0b95f,0
627af6ef6a20f40016c0b9d8,0
627bba6bdc1faa00162c458a,0
627be612dc1faa00162c4e0b,0
627bf364dc1faa00162c510c,0
627bf61adc1faa00162c5171,0
627bfa70dc1faa00162c5205,0
627bfec9dc1faa00162c5428,0
627c60f9dc1faa00162c6772,0
627c63b9dc1faa00162c67b4,0
627ce1d7dd00ba0016aad17b,0
627ce9b8dd00ba0016aad9d8,0
627d18b7dd00ba0016aaee07,0
627d1957dd00ba0016aaee1d,0
627d282add00ba0016aaefe8,0
627d2885dd00ba0016aaf019,0
627d5010dd00ba0016aaf93d,0
627d6db7ab97cb0016f26891,0
627db5794911000016d23510,0
627dbe674911000016d2357f,0
627eddae4911000016d24dae,0
627f753249434c00166d3e50,0
627fc02549434c00166d49b4,0
627fce9549434c00166d4abe,0
627fcfda49434c00166d4ace,0
628002e649434c00166d4d76,0
62800a4349434c00166d4e3a,0
628016ba49434c00166d4fa7,0
62801af349434c00166d502f,0
6280254d49434c00166d50f3,0
6280b50b3374a30016a67bc8,0
6280d7a43374a30016a68074,0
6280d8f63374a30016a6812e,0
6280d9f93374a30016a68199,0
6280dae23374a30016a681fd,0
6280dd0a3374a30016a6828c,0
6280deae3374a30016a682df,0
6280e0eb3374a30016a6838d,0
6280e24b3374a30016a683e7,0
6280e41d3374a30016a68460,0
6280e5753374a30016a684cb,0
6280e6d43374a30016a6856a,0
6280e7c93374a30016a68572,0
6280ed0a3374a30016a68750,0
6280edd93374a30016a687fe,0
6280ee273374a30016a6884d,0
6280eeac3374a30016a688a7,0
6280f0c23374a30016a6898c,0
6280f21f3374a30016a689fa,0
6280f72a3374a30016a68ad4,0
6280f8f63374a30016a68ba4,0
62810d923374a30016a68e34,0
62810dea3374a30016a68e4a,0
62810eb03374a30016a68e9e,0
62810fb93374a30016a68efb,0
628117633374a30016a6900f,0
62811d053374a30016a690ed,0
628122cd3374a30016a6932b,0
628130503374a30016a69518,0
6281316c3374a30016a6955c,0
6281345e3374a30016a695fd,0
628135823374a30016a6967b,0
628136223374a30016a696c5,0
628136f73374a30016a69721,0
628139003374a30016a69821,0
628139eb3374a30016a698c5,0
628139f53374a30016a69911,0
62813aba3374a30016a6999c,0
62813c9c3374a30016a69a89,0
62813ddb3374a30016a69be7,0
62813ed43374a30016a69c52,0
62813f273374a30016a69cdc,0
62813fff3374a30016a69d8c,0
6281cb0a1550530016e093e4,0
628204171550530016e098dc,0
6282078a1550530016e099c0,0
628208791550530016e09a10,0
6282218a1550530016e09f52,0
628229321550530016e0a162,0
628229bc1550530016e0a175,0
62828b621550530016e0b48b,0
62828b6c1550530016e0b494,0
62828ccf1550530016e0b4f9,0
6282c7f71550530016e0be9a,0
6283530cbd314c0016b62743,0
62835775bd314c0016b6289c,0
628360ecbd314c0016b62ae3,0
628367e4bd314c0016b62be6,0
6283afaebd314c0016b6364d,0
6283d325bd314c0016b63a68,0
6283d43cbd314c0016b63a9e,0
6283db6ebd314c0016b63b76,0
6283e6a6bd314c0016b63d15,0
628409f1bd314c0016b6429a,0
6284d95727ca860016042c0f,0
6285704d27ca8600160442cb,0
6285ba1da12caf00168ee340,0
62867af7a12caf00168ef3bd,0
6286a5ffa12caf00168ef8f4,0
6286b6b1a12caf00168efb1b,0
6286d89fa12caf00168efdcd,0
6286e478a12caf00168efeaf,0
6286e691a12caf00168eff07,0
6287774eadc2d10016d254ee,0
62877837adc2d10016d2550c,0
6287790cadc2d10016d25517,0
62878766adc2d10016d25846,0
62878cefadc2d10016d258b6,0
6287a652adc2d10016d25b2c,0
6287ce04adc2d10016d2616e,0
6287cfa0adc2d10016d261a1,0
6288d19b0e7a4300165baf8f,0
62894c110e7a4300165bc65e,0
628a8291fa8fa90016964444,0
628aa1c4fa8fa900169647f9,0
628acd64fa8fa90016964c04,0
628acde9fa8fa90016964c18,0
628bc243755aa40016dfc210,0
628c9ace82703300161884f4,0
628cd9d58270330016188f4e,0
628cdcbc8270330016189004,0
628d51c0827033001618a1ac,0
628d99cc827033001618a74d,0
628de4beed1d720016e0d3ae,0
628e448ced1d720016e0e3d1,0
628eb3e5ed1d720016e0ed5e,0
628eb4a4ed1d720016e0ed64,0
628eccb7ed1d720016e0eefb,0
628eccfbed1d720016e0ef89,0
628faf6bdc99e40016b8c95a,0
628fbd94dc99e40016b8cbc3,0
628feb10dc99e40016b8ce6c,0
628ff006dc99e40016b8d03f,0
628ff6c3dc99e40016b8d0c8,0
62901af8dc99e40016b8d236,0
6290d9581027c8001687029f,0
6290d9d51027c80016870307,0
6290e3e41027c8001687036e,0
6290e6601027c800168703cf,0
629149491027c8001687099b,0
629149d01027c800168709f9,0
62914a011027c80016870a2f,0
62914af61027c80016870a65,0
6291fd144058f70016e2be56,0
6291fe414058f70016e2be93,0
629214e74058f70016e2bf86,0
62921afa4058f70016e2c00f,0
629270034058f70016e2cffc,0
62962e7dec8f8f0016cf0a8b,0
62965748ec8f8f0016cf0f45,0
6297a80259abd10016d1a9f1,0
6297e00c59abd10016d1afb9,0
629847a985ce1500162bdd87,0
6299096a85ce1500162bf13b,0
6299b5a27535850016d3a7b4,0
6299df3e7535850016d3aa3e,0
629a1b817535850016d3aebf,0
629c7920f5c2e600161e70cd,0
629d04d3f5c2e600161e8082,0
629d79eece674c00165d8938,0
629d7bafce674c00165d897d,0
629dcc15ce674c00165d93d8,0
629dcf2fce674c00165d94fa,0