_id,userId,courseId,subjectId,lessonId,termId,createdAt,updatedAt,__v
61784b4afd921f00161608f7,60e75b42df20f743607ab52e,5fff72b3de0bdb47f826feaf,60119a4131c66a2ebd9eb4d0,6012d1b0cfe09249249f8954,5fc8d1b20fae0a06bc22db5c,2021-10-26T18:39:06.060Z,2021-10-26T18:39:06.060Z,0
617c61f2b736b70016b4427f,617c5a2db736b70016b44151,5fff72b3de0bdb47f826feaf,60119a5d31c66a2ebd9eb4d4,6012d2bccfe09249249f8a12,5fc8d1b20fae0a06bc22db5c,2021-10-29T21:04:50.927Z,2021-10-29T21:04:50.927Z,0
617c64d4b736b70016b44314,617c5a2db736b70016b44151,5fff72b3de0bdb47f826feaf,60119a7431c66a2ebd9eb4d7,6012d31fcfe09249249f8a9c,5fc8d1b20fae0a06bc22db5c,2021-10-29T21:17:08.460Z,2021-10-29T21:17:08.460Z,0
618037a51a5eec0016682922,6162e16577c6310016e7f261,5fff734ade0bdb47f826feb1,60119ba131c66a2ebd9eb4ee,6012d7abcfe09249249f8ebe,600048197cabf80f88f61736,2021-11-01T18:53:25.139Z,2021-11-01T18:53:25.139Z,0
6181090aaf49b300162ba557,615618c778a374001601f15d,5fff7371de0bdb47f826feb2,60119c2931c66a2ebd9eb4fe,6012d94ecfe09249249f9222,5fc8d1b20fae0a06bc22db5c,2021-11-02T09:46:50.722Z,2021-11-02T09:46:50.722Z,0
61824f65dddee7001634af8b,617fb7321a5eec0016680a40,5fff72b3de0bdb47f826feaf,60119a4131c66a2ebd9eb4d0,6012d1b0cfe09249249f8954,5fc8d1b20fae0a06bc22db5c,2021-11-03T08:59:17.958Z,2021-11-03T08:59:17.958Z,0
6184d1d464422c0016e720e0,6162000177c6310016e7ec44,5fff7371de0bdb47f826feb2,60119c2931c66a2ebd9eb4fe,6012d94ecfe09249249f9222,5fc8d1b20fae0a06bc22db5c,2021-11-05T06:40:20.534Z,2021-11-05T06:40:20.534Z,0
6184d95864422c0016e72131,6184d88964422c0016e720fb,5fff7371de0bdb47f826feb2,60119c2931c66a2ebd9eb4fe,6012d94ecfe09249249f9222,5fc8d1b20fae0a06bc22db5c,2021-11-05T07:12:24.587Z,2021-11-05T07:12:24.587Z,0
6188a3bf72fe7d0016208459,6188a28f72fe7d001620841e,5fff7371de0bdb47f826feb2,60119c2931c66a2ebd9eb4fe,6012d94ecfe09249249f9222,5fc8d1b20fae0a06bc22db5c,2021-11-08T04:12:47.629Z,2021-11-08T04:12:47.629Z,0
6188c6ea72fe7d0016208680,6188c0cb72fe7d0016208551,5fff72b3de0bdb47f826feaf,60119a6631c66a2ebd9eb4d5,6012d2cccfe09249249f8a42,5fc8d1b20fae0a06bc22db5c,2021-11-08T06:42:50.957Z,2021-11-08T06:42:50.957Z,0
6188cd1d72fe7d0016208767,6187c74172fe7d0016207637,5fff734ade0bdb47f826feb1,60119bc331c66a2ebd9eb4f2,6012d814cfe09249249f8fae,5fc8d1b20fae0a06bc22db5c,2021-11-08T07:09:17.251Z,2021-11-08T07:09:17.251Z,0
6188eb2fc7ca5a00161b4e81,6183ad6a64422c0016e6d945,5fff72b3de0bdb47f826feaf,60119a3331c66a2ebd9eb4cf,6012cec2cfe09249249f8900,5fc8d1b20fae0a06bc22db5c,2021-11-08T09:17:35.175Z,2021-11-08T09:17:35.175Z,0
6188eb75c7ca5a00161b4f0f,6183ad6a64422c0016e6d945,5fff72b3de0bdb47f826feaf,60119a3331c66a2ebd9eb4cf,6012cec2cfe09249249f88fe,5fc8d1b20fae0a06bc22db5c,2021-11-08T09:18:45.263Z,2021-11-08T09:18:45.263Z,0
61896cc0c7ca5a00161b6b24,61896c3dc7ca5a00161b6ab5,5fc8cfbb81a55b4c3c19737d,5fff5bab3fd2d54b08047c82,6012bdcecfe09249249f7e9c,5fc8d1b20fae0a06bc22db5c,2021-11-08T18:30:24.716Z,2021-11-08T18:30:24.716Z,0
61899e32c7ca5a00161b7708,618976afc7ca5a00161b6d5a,5fff7329de0bdb47f826feb0,60119b1131c66a2ebd9eb4e1,6012d628cfe09249249f8c82,5fc8d1b20fae0a06bc22db5c,2021-11-08T22:01:22.240Z,2021-11-08T22:01:22.240Z,0
618a7cdc7f90a00016ddcfb1,6188c0cb72fe7d0016208551,5fff72b3de0bdb47f826feaf,60119ad231c66a2ebd9eb4db,6012d3d3cfe09249249f8b5c,5fc8d1b20fae0a06bc22db5c,2021-11-09T13:51:24.601Z,2021-11-09T13:51:24.601Z,0
618ab6577f90a00016ddda9d,618ab6387f90a00016ddda47,5fff734ade0bdb47f826feb1,60119b8531c66a2ebd9eb4e9,6012d6e1cfe09249249f8dfc,5fc8d1b20fae0a06bc22db5c,2021-11-09T17:56:39.758Z,2021-11-09T17:56:39.758Z,0
618b9bed7f90a00016de0083,618b8fb27f90a00016ddfc8a,5fff7371de0bdb47f826feb2,60119c0c31c66a2ebd9eb4fb,6012d904cfe09249249f916a,5fc8d1b20fae0a06bc22db5c,2021-11-10T10:16:13.163Z,2021-11-10T10:16:13.163Z,0
618bde03c07b8b0016b1890b,618bddccc07b8b0016b188d0,5fff72b3de0bdb47f826feaf,60119a6631c66a2ebd9eb4d5,6012d2cccfe09249249f8a42,5fc8d1b20fae0a06bc22db5c,2021-11-10T14:58:11.716Z,2021-11-10T14:58:11.716Z,0
618cdf07b7ba7000162e74f3,618a4aedb5e47f00161133c0,5fff72b3de0bdb47f826feaf,60119a3331c66a2ebd9eb4cf,6012cec2cfe09249249f88fe,5fc8d1b20fae0a06bc22db5c,2021-11-11T09:14:47.632Z,2021-11-11T09:14:47.632Z,0
618f55e5a24eec00162a5937,618f5250a24eec00162a5858,5fff72b3de0bdb47f826feaf,60119a4131c66a2ebd9eb4d0,6012d1b0cfe09249249f8954,5fc8d1b20fae0a06bc22db5c,2021-11-13T06:06:29.798Z,2021-11-13T06:06:29.798Z,0
618f6f32a24eec00162a5bf1,618f6ac8a24eec00162a59d6,5fff72b3de0bdb47f826feaf,60119a5d31c66a2ebd9eb4d4,6012d2bccfe09249249f8a12,5fc8d1b20fae0a06bc22db5c,2021-11-13T07:54:26.475Z,2021-11-13T07:54:26.475Z,0
618f6fd3a24eec00162a5c35,618f6ba4a24eec00162a5a05,5fff72b3de0bdb47f826feaf,60119a4131c66a2ebd9eb4d0,6012d1b0cfe09249249f8954,5fc8d1b20fae0a06bc22db5c,2021-11-13T07:57:07.969Z,2021-11-13T07:57:07.969Z,0
619119c19384310016c33a7b,618c0ecac07b8b0016b19769,5fff7329de0bdb47f826feb0,60119b4c31c66a2ebd9eb4e2,6012d63bcfe09249249f8cac,5fc8d1b20fae0a06bc22db5c,2021-11-14T14:14:25.860Z,2021-11-14T14:14:25.860Z,0
61911d6b9384310016c33aca,618c0ecac07b8b0016b19769,5fff7329de0bdb47f826feb0,60119b0931c66a2ebd9eb4e0,6012d5efcfe09249249f8c5e,600047f67cabf80f88f61735,2021-11-14T14:30:03.732Z,2021-11-14T14:30:03.732Z,0
619204112cd2f100169103f5,6191c6a2c80ef3001687e072,5fff72b3de0bdb47f826feaf,60119a5d31c66a2ebd9eb4d4,6012d2bccfe09249249f8a12,5fc8d1b20fae0a06bc22db5c,2021-11-15T06:54:09.095Z,2021-11-15T06:54:09.095Z,0
61932ec0863bce00160a8df4,61927885863bce00160a7693,5fff7329de0bdb47f826feb0,60119ae731c66a2ebd9eb4dc,6012d3f8cfe09249249f8b8c,5fc8d1b20fae0a06bc22db5c,2021-11-16T04:08:32.300Z,2021-11-16T04:08:32.300Z,0
6193f18d54202000161fcec0,6184adeb64422c0016e71b1c,5fff7329de0bdb47f826feb0,60119b6a31c66a2ebd9eb4e7,6012d6a8cfe09249249f8d90,5fc8d1b20fae0a06bc22db5c,2021-11-16T17:59:41.136Z,2021-11-16T17:59:41.136Z,0
61940e7054202000161fd4e3,618976afc7ca5a00161b6d5a,5fff7329de0bdb47f826feb0,60119af031c66a2ebd9eb4de,6012d42bcfe09249249f8bee,5fc8d1b20fae0a06bc22db5c,2021-11-16T20:02:56.297Z,2021-11-16T20:02:56.297Z,0
61947e3554202000161fe19c,61947ac154202000161fe053,5fff7329de0bdb47f826feb0,60119ae731c66a2ebd9eb4dc,6012d3f8cfe09249249f8b8c,5fc8d1b20fae0a06bc22db5c,2021-11-17T03:59:49.651Z,2021-11-17T03:59:49.651Z,0
619492a054202000161fe52c,619490b854202000161fe4c1,5fff72b3de0bdb47f826feaf,60119a5d31c66a2ebd9eb4d4,6012d2bccfe09249249f8a12,5fc8d1b20fae0a06bc22db5c,2021-11-17T05:26:56.657Z,2021-11-17T05:26:56.657Z,0
61949f9454202000161fe6f3,61949ede54202000161fe67a,5fff72b3de0bdb47f826feaf,60119a5d31c66a2ebd9eb4d4,6012d2bccfe09249249f8a12,5fc8d1b20fae0a06bc22db5c,2021-11-17T06:22:12.447Z,2021-11-17T06:22:12.447Z,0
619648649342cc00168b5af9,6182dba1dddee7001634bed7,5fff7371de0bdb47f826feb2,60119c2931c66a2ebd9eb4fe,6012d94ecfe09249249f9222,5fc8d1b20fae0a06bc22db5c,2021-11-18T12:34:44.158Z,2021-11-18T12:34:44.158Z,0
6197dd879b79250016f6c164,61976366bc0f9200169866e8,5fff72b3de0bdb47f826feaf,60119a8431c66a2ebd9eb4d8,6012d3a3cfe09249249f8b00,5fc8d1b20fae0a06bc22db5c,2021-11-19T17:23:19.540Z,2021-11-19T17:23:19.540Z,0
619834cb9b79250016f6d024,6198346c9b79250016f6cff1,5fff72b3de0bdb47f826feaf,60119a3331c66a2ebd9eb4cf,6012cec2cfe09249249f88fe,5fc8d1b20fae0a06bc22db5c,2021-11-19T23:35:39.070Z,2021-11-19T23:35:39.070Z,0
619836349b79250016f6d09a,6198346c9b79250016f6cff1,5fff72b3de0bdb47f826feaf,60119a7431c66a2ebd9eb4d7,6012d31fcfe09249249f8a9c,5fc8d1b20fae0a06bc22db5c,2021-11-19T23:41:40.778Z,2021-11-19T23:41:40.778Z,0
619a147f2bd98b0016375f21,619a13ac2bd98b0016375e85,5fff7329de0bdb47f826feb0,60119b5631c66a2ebd9eb4e4,6012d670cfe09249249f8d00,5fc8d1b20fae0a06bc22db5c,2021-11-21T09:42:23.063Z,2021-11-21T09:42:23.063Z,0
619a156b2bd98b0016375ff1,619a14e12bd98b0016375f3a,5fff7371de0bdb47f826feb2,60119c6531c66a2ebd9eb504,6012d9fecfe09249249f9358,600048197cabf80f88f61736,2021-11-21T09:46:19.810Z,2021-11-21T09:46:19.810Z,0
619a8c8eeb34d70016f6b531,6188c0cb72fe7d0016208551,5fff72b3de0bdb47f826feaf,60119a7431c66a2ebd9eb4d7,6012d31fcfe09249249f8a9c,5fc8d1b20fae0a06bc22db5c,2021-11-21T18:14:38.548Z,2021-11-21T18:14:38.548Z,0
619b6fb2ffbf880016f03559,618fdb15a24eec00162a7784,5fff7371de0bdb47f826feb2,60119c2931c66a2ebd9eb4fe,6012d94ecfe09249249f9222,5fc8d1b20fae0a06bc22db5c,2021-11-22T10:23:46.988Z,2021-11-22T10:23:46.988Z,0
619b6feeffbf880016f0356c,618fdb15a24eec00162a7784,5fff7371de0bdb47f826feb2,60119c6531c66a2ebd9eb504,6012d9fecfe09249249f9358,600048197cabf80f88f61736,2021-11-22T10:24:46.834Z,2021-11-22T10:24:46.834Z,0
619d3354133ed90016bcd6cd,619a9a178f484e001656d700,5fff72b3de0bdb47f826feaf,60119a7431c66a2ebd9eb4d7,6012d31fcfe09249249f8a9c,5fc8d1b20fae0a06bc22db5c,2021-11-23T18:30:44.644Z,2021-11-23T18:30:44.644Z,0
619d69d9133ed90016bcdc86,619d676a133ed90016bcdc48,5fff7329de0bdb47f826feb0,60119b5631c66a2ebd9eb4e4,6012d670cfe09249249f8d00,5fc8d1b20fae0a06bc22db5c,2021-11-23T22:23:21.753Z,2021-11-23T22:23:21.753Z,0
619e9d7c26f1e1001687196a,6148f70359400e0016b6f5ec,5fff7371de0bdb47f826feb2,60119c2931c66a2ebd9eb4fe,6012d94ecfe09249249f9222,5fc8d1b20fae0a06bc22db5c,2021-11-24T20:15:56.949Z,2021-11-24T20:15:56.949Z,0
619ea38f26f1e10016871bb7,619e237426f1e1001686fac0,5fff7371de0bdb47f826feb2,60119c2931c66a2ebd9eb4fe,6012d94ecfe09249249f9222,5fc8d1b20fae0a06bc22db5c,2021-11-24T20:41:51.522Z,2021-11-24T20:41:51.522Z,0
619ea7ba26f1e10016871e16,619e237426f1e1001686fac0,5fff7371de0bdb47f826feb2,60119c6531c66a2ebd9eb504,6012d9fecfe09249249f9358,600048197cabf80f88f61736,2021-11-24T20:59:38.719Z,2021-11-24T20:59:38.719Z,0
619fa026771a230016403db1,619f9ba0771a230016403c35,5fff734ade0bdb47f826feb1,60119b8531c66a2ebd9eb4e9,6012d6e1cfe09249249f8dfc,5fc8d1b20fae0a06bc22db5c,2021-11-25T14:39:34.330Z,2021-11-25T14:39:34.330Z,0
619fa76f771a23001640423e,603fdf31a36c060015655272,5fc8cfbb81a55b4c3c19737d,5fff5bab3fd2d54b08047c82,6012bdcecfe09249249f7e9c,5fc8d1b20fae0a06bc22db5c,2021-11-25T15:10:39.695Z,2021-11-25T15:10:39.695Z,0
619fa8b7771a230016404339,6078ad1e58cbbb0015f28f1b,5fc8cfbb81a55b4c3c19737d,5fff5bab3fd2d54b08047c82,6012bdcecfe09249249f7e9c,5fc8d1b20fae0a06bc22db5c,2021-11-25T15:16:07.021Z,2021-11-25T15:16:07.021Z,0
619fad90771a230016404534,619fa919771a230016404349,5fff734ade0bdb47f826feb1,60119b8531c66a2ebd9eb4e9,6012d6e1cfe09249249f8dfc,5fc8d1b20fae0a06bc22db5c,2021-11-25T15:36:48.945Z,2021-11-25T15:36:48.945Z,0
619faeb8771a2300164045b0,619f88a7509ce800166b4cf4,5fff72b3de0bdb47f826feaf,60119a7431c66a2ebd9eb4d7,6012d31fcfe09249249f8a9c,5fc8d1b20fae0a06bc22db5c,2021-11-25T15:41:44.530Z,2021-11-25T15:41:44.530Z,0
619fb1cc771a230016404721,619f89d0509ce800166b4d57,5fff7329de0bdb47f826feb0,60119b5631c66a2ebd9eb4e4,6012d670cfe09249249f8d00,5fc8d1b20fae0a06bc22db5c,2021-11-25T15:54:52.160Z,2021-11-25T15:54:52.160Z,0
619fb67e771a230016404994,619fb61b771a23001640492b,5fff7329de0bdb47f826feb0,60119ae731c66a2ebd9eb4dc,6012d3f8cfe09249249f8b8c,5fc8d1b20fae0a06bc22db5c,2021-11-25T16:14:54.055Z,2021-11-25T16:14:54.055Z,0
619fcf63771a23001640576c,619f89d0509ce800166b4d57,5fff7329de0bdb47f826feb0,60119ae731c66a2ebd9eb4dc,6012d3f8cfe09249249f8b8c,5fc8d1b20fae0a06bc22db5c,2021-11-25T18:01:07.862Z,2021-11-25T18:01:07.862Z,0
619fe34a771a230016405ecc,619f8985509ce800166b4d40,5fff72b3de0bdb47f826feaf,60119a7431c66a2ebd9eb4d7,6012d31fcfe09249249f8a9c,5fc8d1b20fae0a06bc22db5c,2021-11-25T19:26:02.432Z,2021-11-25T19:26:02.432Z,0
619fe3fc771a230016405f54,619f8985509ce800166b4d40,5fff72b3de0bdb47f826feaf,60119a3331c66a2ebd9eb4cf,6012cec2cfe09249249f88fe,5fc8d1b20fae0a06bc22db5c,2021-11-25T19:29:00.107Z,2021-11-25T19:29:00.107Z,0
61a05739771a23001640714c,61a056a6771a2300164070d1,5fff72b3de0bdb47f826feaf,60119a4131c66a2ebd9eb4d0,6012d1b0cfe09249249f8954,5fc8d1b20fae0a06bc22db5c,2021-11-26T03:40:41.776Z,2021-11-26T03:40:41.776Z,0
61a0bd0670d7fe001619d00c,61870f375a4a360016781e09,5fff7371de0bdb47f826feb2,60119c2931c66a2ebd9eb4fe,6012d94ecfe09249249f9222,5fc8d1b20fae0a06bc22db5c,2021-11-26T10:55:02.755Z,2021-11-26T10:55:02.755Z,0
61a262fbedab4200160bb554,61a24f99edab4200160bb067,5fff7371de0bdb47f826feb2,60119c2931c66a2ebd9eb4fe,6012d94ecfe09249249f921a,5fc8d1b20fae0a06bc22db5c,2021-11-27T16:55:23.375Z,2021-11-27T16:55:23.375Z,0
61a374b4a612900016dc649a,619f89d0509ce800166b4d57,5fff7329de0bdb47f826feb0,60119b5331c66a2ebd9eb4e3,6012d65acfe09249249f8cf8,600048197cabf80f88f61736,2021-11-28T12:23:16.723Z,2021-11-28T12:23:16.723Z,0
61a3d8a9a612900016dc7772,61a28abcedab4200160bbb4f,5fff72b3de0bdb47f826feaf,60119a3331c66a2ebd9eb4cf,6012cec2cfe09249249f88fe,5fc8d1b20fae0a06bc22db5c,2021-11-28T19:29:45.964Z,2021-11-28T19:29:45.964Z,0
61a489c2a612900016dc86cb,618e2845240b220016b862b4,5fff734ade0bdb47f826feb1,60119b8531c66a2ebd9eb4e9,6012d6e1cfe09249249f8dfc,5fc8d1b20fae0a06bc22db5c,2021-11-29T08:05:22.533Z,2021-11-29T08:05:22.533Z,0
61a4e4e3b08483001682f2ff,61a4e1bdb08483001682f1f1,5fff7329de0bdb47f826feb0,60119af031c66a2ebd9eb4de,6012d42bcfe09249249f8bee,5fc8d1b20fae0a06bc22db5c,2021-11-29T14:34:11.622Z,2021-11-29T14:34:11.622Z,0
61a5087ab0848300168300b2,61a50767b08483001683002f,5fff72b3de0bdb47f826feaf,60119a5531c66a2ebd9eb4d3,6012d2b2cfe09249249f8a0e,600048197cabf80f88f61736,2021-11-29T17:06:02.174Z,2021-11-29T17:06:02.174Z,0
61a5c310b084830016832e0c,61a5c298b084830016832dda,5fff7329de0bdb47f826feb0,60119ae731c66a2ebd9eb4dc,6012d3f8cfe09249249f8b8c,5fc8d1b20fae0a06bc22db5c,2021-11-30T06:22:08.870Z,2021-11-30T06:22:08.870Z,0
61a62fafd0d12c0016940134,61a5c298b084830016832dda,5fff7329de0bdb47f826feb0,60119b5631c66a2ebd9eb4e4,6012d670cfe09249249f8d00,5fc8d1b20fae0a06bc22db5c,2021-11-30T14:05:35.059Z,2021-11-30T14:05:35.059Z,0
61a676e0d0d12c0016940e9e,619f89d0509ce800166b4d57,5fff7329de0bdb47f826feb0,60119b6a31c66a2ebd9eb4e7,6012d6a8cfe09249249f8d94,5fc8d1b20fae0a06bc22db5c,2021-11-30T19:09:20.458Z,2021-11-30T19:09:20.458Z,0
61a6770bd0d12c0016940ece,619f89d0509ce800166b4d57,5fff7329de0bdb47f826feb0,60119b6a31c66a2ebd9eb4e7,6012d6a8cfe09249249f8d9a,5fc8d1b20fae0a06bc22db5c,2021-11-30T19:10:03.978Z,2021-11-30T19:10:03.978Z,0
61a67a9bd0d12c0016940f5c,619f89d0509ce800166b4d57,5fff7329de0bdb47f826feb0,60119b6a31c66a2ebd9eb4e7,6012d6a8cfe09249249f8d90,5fc8d1b20fae0a06bc22db5c,2021-11-30T19:25:15.005Z,2021-11-30T19:25:15.005Z,0
61a67ae4d0d12c0016940f73,619f89d0509ce800166b4d57,5fff7329de0bdb47f826feb0,60119b0931c66a2ebd9eb4e0,6012d5f4cfe09249249f8c70,600048197cabf80f88f61736,2021-11-30T19:26:28.125Z,2021-11-30T19:26:28.125Z,0
61a67d8ad0d12c00169410b7,619f89d0509ce800166b4d57,5fff7329de0bdb47f826feb0,60119b1131c66a2ebd9eb4e1,6012d628cfe09249249f8c82,5fc8d1b20fae0a06bc22db5c,2021-11-30T19:37:46.073Z,2021-11-30T19:37:46.073Z,0
61a6a80cd0d12c0016941661,61a69e0bd0d12c00169414f2,5fff7371de0bdb47f826feb2,60119c0c31c66a2ebd9eb4fb,6012d904cfe09249249f916a,5fc8d1b20fae0a06bc22db5c,2021-11-30T22:39:08.411Z,2021-11-30T22:39:08.411Z,0
61a7214f88710a0016806dca,61a720a088710a0016806d06,5fff734ade0bdb47f826feb1,60119b8531c66a2ebd9eb4e9,6012d6e1cfe09249249f8dfe,5fc8d1b20fae0a06bc22db5c,2021-12-01T07:16:31.956Z,2021-12-01T07:16:31.956Z,0
61a721bb88710a0016806df9,61a720a088710a0016806d06,5fff734ade0bdb47f826feb1,60119b8531c66a2ebd9eb4e9,6012d6e1cfe09249249f8dfc,5fc8d1b20fae0a06bc22db5c,2021-12-01T07:18:19.564Z,2021-12-01T07:18:19.564Z,0
61a85851cc10ff0016407394,61376d212d600f0016d17a40,5fff72b3de0bdb47f826feaf,60119a3331c66a2ebd9eb4cf,6012cec2cfe09249249f88fe,5fc8d1b20fae0a06bc22db5c,2021-12-02T05:23:29.597Z,2021-12-02T05:23:29.597Z,0
61a8587bcc10ff00164073e0,61376d212d600f0016d17a40,5fff72b3de0bdb47f826feaf,60119a4131c66a2ebd9eb4d0,6012d1b0cfe09249249f8954,5fc8d1b20fae0a06bc22db5c,2021-12-02T05:24:11.510Z,2021-12-02T05:24:11.510Z,0
61a8fbcf7793890016553bf1,61a8f3667793890016553a6d,5fff72b3de0bdb47f826feaf,60119a7431c66a2ebd9eb4d7,6012d31fcfe09249249f8a9c,5fc8d1b20fae0a06bc22db5c,2021-12-02T17:01:03.248Z,2021-12-02T17:01:03.248Z,0
61ac670bf77cd0001677ff97,61ab902a545b820016068d01,5fff7371de0bdb47f826feb2,60119c0c31c66a2ebd9eb4fb,6012d904cfe09249249f916a,5fc8d1b20fae0a06bc22db5c,2021-12-05T07:15:23.439Z,2021-12-05T07:15:23.439Z,0
61ac91e6f77cd0001678086a,603a337788f8e80015827e3b,5fff734ade0bdb47f826feb1,60119bce31c66a2ebd9eb4f4,6012d838cfe09249249f9012,600047f67cabf80f88f61735,2021-12-05T10:18:14.574Z,2021-12-05T10:18:14.574Z,0
61ac9245f77cd0001678097b,603a337788f8e80015827e3b,5fff734ade0bdb47f826feb1,60119bce31c66a2ebd9eb4f4,6012d834cfe09249249f9004,5fc8d1b20fae0a06bc22db5c,2021-12-05T10:19:49.073Z,2021-12-05T10:19:49.073Z,0
61adbd11f60f250016c55efe,617939d1fd921f0016161c1f,5fff72b3de0bdb47f826feaf,60119ad231c66a2ebd9eb4db,6012d3d3cfe09249249f8b5c,5fc8d1b20fae0a06bc22db5c,2021-12-06T07:34:41.163Z,2021-12-06T07:34:41.163Z,0
61ae0691f60f250016c59154,61794085fd921f0016162256,5fff7371de0bdb47f826feb2,60119c6531c66a2ebd9eb504,6012d9fecfe09249249f9358,600048197cabf80f88f61736,2021-12-06T12:48:17.100Z,2021-12-06T12:48:17.100Z,0
61ae72c1f60f250016c5af90,603a337788f8e80015827e3b,5fff734ade0bdb47f826feb1,60119b8531c66a2ebd9eb4e9,6012d6e1cfe09249249f8e00,5fc8d1b20fae0a06bc22db5c,2021-12-06T20:29:53.360Z,2021-12-06T20:29:53.360Z,0
61ae72d8f60f250016c5af93,603a337788f8e80015827e3b,5fff734ade0bdb47f826feb1,60119b8531c66a2ebd9eb4e9,6012d6e1cfe09249249f8dfe,5fc8d1b20fae0a06bc22db5c,2021-12-06T20:30:16.434Z,2021-12-06T20:30:16.434Z,0
61af4480385d100016e3b6b5,603a22f088f8e80015827e08,5fff7371de0bdb47f826feb2,60119c2931c66a2ebd9eb4fe,6012d94ecfe09249249f9222,5fc8d1b20fae0a06bc22db5c,2021-12-07T11:24:48.306Z,2021-12-07T11:24:48.306Z,0
61af92b7385d100016e3c1fc,61af91a6385d100016e3c180,5fff7329de0bdb47f826feb0,60119ae731c66a2ebd9eb4dc,6012d3f8cfe09249249f8b8c,5fc8d1b20fae0a06bc22db5c,2021-12-07T16:58:31.395Z,2021-12-07T16:58:31.395Z,0
61b0e06f2e76960016e15899,603a337788f8e80015827e3b,5fff734ade0bdb47f826feb1,60119bb231c66a2ebd9eb4f0,6012d7d8cfe09249249f8f08,600047f67cabf80f88f61735,2021-12-08T16:42:23.023Z,2021-12-08T16:42:23.023Z,0
61b0edeb2e76960016e15ae7,603a337788f8e80015827e3b,5fff734ade0bdb47f826feb1,60119b8531c66a2ebd9eb4e9,6012d6e1cfe09249249f8dfc,5fc8d1b20fae0a06bc22db5c,2021-12-08T17:39:55.011Z,2021-12-08T17:39:55.011Z,0
61b0fba12e76960016e15bfb,603a337788f8e80015827e3b,5fff734ade0bdb47f826feb1,60119ba931c66a2ebd9eb4ef,6012d7b8cfe09249249f8eca,5fc8d1b20fae0a06bc22db5c,2021-12-08T18:38:25.364Z,2021-12-08T18:38:25.364Z,0
61b125b62e76960016e15fdf,6082ab7e3926fe29c8c80069,5fff72b3de0bdb47f826feaf,60119a3331c66a2ebd9eb4cf,6012cec2cfe09249249f88fe,5fc8d1b20fae0a06bc22db5c,2021-12-08T21:37:58.224Z,2021-12-08T21:37:58.224Z,0
61b1fe32ebc6a900165d14dc,61a1002e70d7fe001619e123,5fff7371de0bdb47f826feb2,60119c2931c66a2ebd9eb4fe,6012d94ecfe09249249f9222,5fc8d1b20fae0a06bc22db5c,2021-12-09T13:01:38.061Z,2021-12-09T13:01:38.061Z,0
61b2003debc6a900165d15d4,619ec94c26f1e100168726bd,5fff7371de0bdb47f826feb2,60119c0c31c66a2ebd9eb4fb,6012d904cfe09249249f916e,5fc8d1b20fae0a06bc22db5c,2021-12-09T13:10:21.190Z,2021-12-09T13:10:21.190Z,0
61b243e7ebc6a900165d1ae5,603a331288f8e80015827e35,5fff734ade0bdb47f826feb1,60119bb231c66a2ebd9eb4f0,6012d7d5cfe09249249f8f00,5fc8d1b20fae0a06bc22db5c,2021-12-09T17:59:03.762Z,2021-12-09T17:59:03.762Z,0
61b4b0db78a1690016abef26,616ca4f5dd52600016e23edc,5fff734ade0bdb47f826feb1,60119b8531c66a2ebd9eb4e9,6012d6e1cfe09249249f8dfe,5fc8d1b20fae0a06bc22db5c,2021-12-11T14:08:27.933Z,2021-12-11T14:08:27.933Z,0
61b4e00278a1690016abf6bc,61a288feedab4200160bbb02,5fff72b3de0bdb47f826feaf,60119a4131c66a2ebd9eb4d0,6012d1b4cfe09249249f8968,600047f67cabf80f88f61735,2021-12-11T17:29:38.078Z,2021-12-11T17:29:38.078Z,0
61b855bf1baa630016275563,60adea76844fd00015fd606e,5fff7371de0bdb47f826feb2,60119c0c31c66a2ebd9eb4fb,6012d904cfe09249249f916a,5fc8d1b20fae0a06bc22db5c,2021-12-14T08:28:47.401Z,2021-12-14T08:28:47.401Z,0
61b8c4d11baa6300162761cc,60e75d20df20f743607ab8fc,5fff72b3de0bdb47f826feaf,60119a7431c66a2ebd9eb4d7,6012d31fcfe09249249f8a9c,5fc8d1b20fae0a06bc22db5c,2021-12-14T16:22:41.303Z,2021-12-14T16:22:41.303Z,0
61b9b1f5ecd9b000168eac80,61b9b167ecd9b000168eab1a,5fff734ade0bdb47f826feb1,60119b9a31c66a2ebd9eb4ed,6012d789cfe09249249f8e7a,5fc8d1b20fae0a06bc22db5c,2021-12-15T09:14:29.373Z,2021-12-15T09:14:29.373Z,0
61b9b220ecd9b000168eac89,61b9b167ecd9b000168eab1a,5fff734ade0bdb47f826feb1,60119bce31c66a2ebd9eb4f4,6012d838cfe09249249f9012,600047f67cabf80f88f61735,2021-12-15T09:15:12.263Z,2021-12-15T09:15:12.263Z,0
61ba1957ecd9b000168eaef1,61b8b6f91baa630016275bb2,5fff7371de0bdb47f826feb2,60119c2931c66a2ebd9eb4fe,6012d94ecfe09249249f9222,5fc8d1b20fae0a06bc22db5c,2021-12-15T16:35:35.350Z,2021-12-15T16:35:35.350Z,0
61bab2dbecd9b000168eb227,61bab2ccecd9b000168eb1ff,5fff734ade0bdb47f826feb1,60119b8531c66a2ebd9eb4e9,6012d6e1cfe09249249f8dfc,5fc8d1b20fae0a06bc22db5c,2021-12-16T03:30:35.918Z,2021-12-16T03:30:35.918Z,0
61bb0fdf57687d0016fa428d,61bb0f6c57687d0016fa41db,5fff7329de0bdb47f826feb0,60119ae731c66a2ebd9eb4dc,6012d3f8cfe09249249f8b8c,5fc8d1b20fae0a06bc22db5c,2021-12-16T10:07:27.412Z,2021-12-16T10:07:27.412Z,0
61bc56cee2c79000163c60ca,61bc5674e2c79000163c6069,5fff72b3de0bdb47f826feaf,60119a3331c66a2ebd9eb4cf,6012cec2cfe09249249f88fe,5fc8d1b20fae0a06bc22db5c,2021-12-17T09:22:22.596Z,2021-12-17T09:22:22.596Z,0
61bddae3a132fe0016bdfda3,61bdda26a132fe0016bdfd52,5fff7329de0bdb47f826feb0,60119ae731c66a2ebd9eb4dc,6012d3f8cfe09249249f8b8c,5fc8d1b20fae0a06bc22db5c,2021-12-18T12:58:11.316Z,2021-12-18T12:58:11.316Z,0
61bddb76a132fe0016bdfde3,61bdda26a132fe0016bdfd52,5fff7329de0bdb47f826feb0,60119b1131c66a2ebd9eb4e1,6012d628cfe09249249f8c82,5fc8d1b20fae0a06bc22db5c,2021-12-18T13:00:38.381Z,2021-12-18T13:00:38.381Z,0
61be265da132fe0016be0378,61be262ba132fe0016be032a,5fff72b3de0bdb47f826feaf,60119a4f31c66a2ebd9eb4d2,6012d293cfe09249249f89bc,5fc8d1b20fae0a06bc22db5c,2021-12-18T18:20:13.517Z,2021-12-18T18:20:13.517Z,0
61c20b17e5b8cf00163acb3c,6082a9603926fe29c8c7fb49,5fff734ade0bdb47f826feb1,60119b8531c66a2ebd9eb4e9,6012d6e1cfe09249249f8dfe,5fc8d1b20fae0a06bc22db5c,2021-12-21T17:12:55.318Z,2021-12-21T17:12:55.318Z,0
61c23b45e5b8cf00163acecd,6082a9da3926fe29c8c7fc77,5fff72b3de0bdb47f826feaf,60119a5531c66a2ebd9eb4d3,6012d2b2cfe09249249f8a0e,600048197cabf80f88f61736,2021-12-21T20:38:29.939Z,2021-12-21T20:38:29.939Z,0
61c31839fbc1d300169d06d3,6082a9da3926fe29c8c7fc77,5fff72b3de0bdb47f826feaf,60119a5531c66a2ebd9eb4d3,6012d2abcfe09249249f89f4,5fc8d1b20fae0a06bc22db5c,2021-12-22T12:21:13.488Z,2021-12-22T12:21:13.488Z,0
61c333aefbc1d300169d09d8,6082a9603926fe29c8c7fb49,5fff734ade0bdb47f826feb1,60119b8531c66a2ebd9eb4e9,6012d6e3cfe09249249f8e0e,600047f67cabf80f88f61735,2021-12-22T14:18:22.740Z,2021-12-22T14:18:22.740Z,0
61c337e4fbc1d300169d0ab8,6082a9603926fe29c8c7fb49,5fff734ade0bdb47f826feb1,60119b8531c66a2ebd9eb4e9,6012d6e3cfe09249249f8e0c,600047f67cabf80f88f61735,2021-12-22T14:36:20.048Z,2021-12-22T14:36:20.048Z,0
61c62cdb16adaf0016c4b9ab,61c62b8916adaf0016c4b8f8,5fff7371de0bdb47f826feb2,60119c2931c66a2ebd9eb4fe,6012d94ecfe09249249f9222,5fc8d1b20fae0a06bc22db5c,2021-12-24T20:26:03.212Z,2021-12-24T20:26:03.212Z,0
61c718799c0bfe0016364864,619b71f011546c2d88578c87,5fff72b3de0bdb47f826feaf,60119a5d31c66a2ebd9eb4d4,6012d2bccfe09249249f8a12,5fc8d1b20fae0a06bc22db5c,2021-12-25T13:11:21.648Z,2021-12-25T13:11:21.648Z,0
61ca9dfff70fe80016f03fd0,61ca9d9af70fe80016f03fa5,5fff72b3de0bdb47f826feaf,60119a3331c66a2ebd9eb4cf,6012cec2cfe09249249f88fe,5fc8d1b20fae0a06bc22db5c,2021-12-28T05:17:51.868Z,2021-12-28T05:17:51.868Z,0
61cc30173235d20016cf9609,61cc2fc13235d20016cf95e0,5fff72b3de0bdb47f826feaf,60119a5531c66a2ebd9eb4d3,6012d2b2cfe09249249f8a0e,600048197cabf80f88f61736,2021-12-29T09:53:27.498Z,2021-12-29T09:53:27.498Z,0
61d012c1367d4a0016d25ff4,60fbc7733b79e700157c0a48,5fff72b3de0bdb47f826feaf,60119a3331c66a2ebd9eb4cf,6012cec2cfe09249249f88fe,5fc8d1b20fae0a06bc22db5c,2022-01-01T08:37:21.380Z,2022-01-01T08:37:21.380Z,0
61d191042c319d001646f9be,61478c23be82070016339a64,5fff72b3de0bdb47f826feaf,60119a3331c66a2ebd9eb4cf,6012cec2cfe09249249f8904,5fc8d1b20fae0a06bc22db5c,2022-01-02T11:48:20.611Z,2022-01-02T11:48:20.611Z,0
61d1aa182c319d001646fbb0,6082a6a23926fe29c8c7f485,5fff72b3de0bdb47f826feaf,60119a4431c66a2ebd9eb4d1,6012d234cfe09249249f899c,600047f67cabf80f88f61735,2022-01-02T13:35:20.759Z,2022-01-02T13:35:20.759Z,0
61d1aaa12c319d001646fc1c,6082a6a23926fe29c8c7f485,5fff72b3de0bdb47f826feaf,60119a3331c66a2ebd9eb4cf,6012cec2cfe09249249f88fe,5fc8d1b20fae0a06bc22db5c,2022-01-02T13:37:37.107Z,2022-01-02T13:37:37.107Z,0
61d3cf6796b69800169082cf,61478c23be82070016339a64,5fff72b3de0bdb47f826feaf,60119a4131c66a2ebd9eb4d0,6012d1b0cfe09249249f8954,5fc8d1b20fae0a06bc22db5c,2022-01-04T04:39:03.074Z,2022-01-04T04:39:03.074Z,0
61d4b1b42bf2d500162989e4,61d4af112bf2d50016298978,5fff7371de0bdb47f826feb2,60119c2931c66a2ebd9eb4fe,6012d94ecfe09249249f9222,5fc8d1b20fae0a06bc22db5c,2022-01-04T20:44:36.330Z,2022-01-04T20:44:36.330Z,0
61d4dee72bf2d50016298db4,61d4d1302bf2d50016298ad3,5fff7371de0bdb47f826feb2,60119c2931c66a2ebd9eb4fe,6012d94ecfe09249249f921a,5fc8d1b20fae0a06bc22db5c,2022-01-04T23:57:27.092Z,2022-01-04T23:57:27.092Z,0
61d6ee4f6121060016ea0198,61cd5418d70c840016d370a4,5fff5a67de0bdb47f826fea8,6011854c31c66a2ebd9eb4a4,6012c71ccfe09249249f8230,600047f67cabf80f88f61735,2022-01-06T13:27:43.887Z,2022-01-06T13:27:43.887Z,0
61d7b4ad5fa9d8001671c402,61478c23be82070016339a64,5fff72b3de0bdb47f826feaf,60119a3331c66a2ebd9eb4cf,6012cec2cfe09249249f8900,5fc8d1b20fae0a06bc22db5c,2022-01-07T03:34:05.665Z,2022-01-07T03:34:05.665Z,0
61d820335fa9d8001671d053,61d480a42bf2d50016298841,5fff734ade0bdb47f826feb1,60119b8531c66a2ebd9eb4e9,6012d6e3cfe09249249f8e0e,600047f67cabf80f88f61735,2022-01-07T11:12:51.571Z,2022-01-07T11:12:51.571Z,0
61d823785fa9d8001671d115,61d480a42bf2d50016298841,5fff734ade0bdb47f826feb1,60119bd231c66a2ebd9eb4f5,6012d846cfe09249249f9040,600047f67cabf80f88f61735,2022-01-07T11:26:48.203Z,2022-01-07T11:26:48.203Z,0
61da567b84336100163af722,61da547d84336100163af6c6,5fff5abede0bdb47f826feab,601186e231c66a2ebd9eb4c4,6012cc78cfe09249249f8788,5fc8d1b20fae0a06bc22db5c,2022-01-09T03:28:59.520Z,2022-01-09T03:28:59.520Z,0
61dc5f1f42d0ff0016ece6ff,6112d5f15bc93d00156b1f39,5fff734ade0bdb47f826feb1,60119b8531c66a2ebd9eb4e9,6012d6e1cfe09249249f8dfc,5fc8d1b20fae0a06bc22db5c,2022-01-10T16:30:23.478Z,2022-01-10T16:30:23.478Z,0
61dc6c3f42d0ff0016ece887,6112d5f15bc93d00156b1f39,5fff734ade0bdb47f826feb1,60119b9a31c66a2ebd9eb4ed,6012d78dcfe09249249f8e8e,600047f67cabf80f88f61735,2022-01-10T17:26:23.034Z,2022-01-10T17:26:23.034Z,0
61dd2f0542d0ff0016ecf3d4,61be51aba132fe0016be0983,5fff734ade0bdb47f826feb1,60119bd231c66a2ebd9eb4f5,6012d846cfe09249249f903e,600047f67cabf80f88f61735,2022-01-11T07:17:25.912Z,2022-01-11T07:17:25.912Z,0
61e1465eb5a22a00169b76e1,61e145aab5a22a00169b758f,5fff72b3de0bdb47f826feaf,60119a4131c66a2ebd9eb4d0,6012d1b0cfe09249249f8954,5fc8d1b20fae0a06bc22db5c,2022-01-14T09:46:06.481Z,2022-01-14T09:46:06.481Z,0
61e14747b5a22a00169b7810,61e145a7b5a22a00169b7584,5fff5abede0bdb47f826feab,601186e231c66a2ebd9eb4c4,6012cc78cfe09249249f8788,5fc8d1b20fae0a06bc22db5c,2022-01-14T09:49:59.058Z,2022-01-14T09:49:59.058Z,0
61e14b3ab5a22a00169b7993,61d582f72bf2d5001629a40f,5fff734ade0bdb47f826feb1,60119b9a31c66a2ebd9eb4ed,6012d78dcfe09249249f8e8e,600047f67cabf80f88f61735,2022-01-14T10:06:50.346Z,2022-01-14T10:06:50.346Z,0
61e531116eb05e001604f82e,61e52fa16eb05e001604f74c,5fff7329de0bdb47f826feb0,60119b5331c66a2ebd9eb4e3,6012d653cfe09249249f8ce8,5fc8d1b20fae0a06bc22db5c,2022-01-17T09:04:18.003Z,2022-01-17T09:04:18.003Z,0
61e533b26eb05e001604f8e7,60995c244447d40015a3af23,5fff72b3de0bdb47f826feaf,60119a5531c66a2ebd9eb4d3,6012d2b2cfe09249249f8a0e,600048197cabf80f88f61736,2022-01-17T09:15:30.791Z,2022-01-17T09:15:30.791Z,0
61e6eda3deb93100166b4fa5,61e6ed50deb93100166b4f76,5fff72b3de0bdb47f826feaf,60119a4431c66a2ebd9eb4d1,6012d234cfe09249249f89a2,600047f67cabf80f88f61735,2022-01-18T16:41:07.759Z,2022-01-18T16:41:07.759Z,0
61e7cc54deb93100166b5866,60995c244447d40015a3af23,5fff72b3de0bdb47f826feaf,60119a3331c66a2ebd9eb4cf,6012cec2cfe09249249f88fe,5fc8d1b20fae0a06bc22db5c,2022-01-19T08:31:16.399Z,2022-01-19T08:31:16.399Z,0
61e7ccb1deb93100166b5880,60995c244447d40015a3af23,5fff72b3de0bdb47f826feaf,60119a3331c66a2ebd9eb4cf,6012cec2cfe09249249f8906,5fc8d1b20fae0a06bc22db5c,2022-01-19T08:32:49.220Z,2022-01-19T08:32:49.220Z,0
61e7ccd8deb93100166b5884,60995c244447d40015a3af23,5fff72b3de0bdb47f826feaf,60119a3331c66a2ebd9eb4cf,6012cec2cfe09249249f8904,5fc8d1b20fae0a06bc22db5c,2022-01-19T08:33:28.186Z,2022-01-19T08:33:28.186Z,0
61e7cd0edeb93100166b5888,60995c244447d40015a3af23,5fff72b3de0bdb47f826feaf,60119a3331c66a2ebd9eb4cf,6012cec2cfe09249249f8902,5fc8d1b20fae0a06bc22db5c,2022-01-19T08:34:22.585Z,2022-01-19T08:34:22.585Z,0
61e7cd43deb93100166b5890,60995c244447d40015a3af23,5fff72b3de0bdb47f826feaf,60119a3331c66a2ebd9eb4cf,6012cec2cfe09249249f8900,5fc8d1b20fae0a06bc22db5c,2022-01-19T08:35:15.293Z,2022-01-19T08:35:15.293Z,0
61e7cd5bdeb93100166b589b,60995c244447d40015a3af23,5fff72b3de0bdb47f826feaf,60119a4131c66a2ebd9eb4d0,6012d1b0cfe09249249f8954,5fc8d1b20fae0a06bc22db5c,2022-01-19T08:35:39.615Z,2022-01-19T08:35:39.615Z,0
61e7cdc5deb93100166b58d3,60995c244447d40015a3af23,5fff72b3de0bdb47f826feaf,60119a6631c66a2ebd9eb4d5,6012d2cccfe09249249f8a42,5fc8d1b20fae0a06bc22db5c,2022-01-19T08:37:25.093Z,2022-01-19T08:37:25.093Z,0
61e7e512deb93100166b5c3b,617939d1fd921f0016161c1f,5fff72b3de0bdb47f826feaf,60119a8431c66a2ebd9eb4d8,6012d3a3cfe09249249f8b02,5fc8d1b20fae0a06bc22db5c,2022-01-19T10:16:50.097Z,2022-01-19T10:16:50.097Z,0
61e833c89a3b1c0016979d7d,61e7ba6adeb93100166b57a9,5fff72b3de0bdb47f826feaf,60119a5531c66a2ebd9eb4d3,6012d2b2cfe09249249f8a0e,600048197cabf80f88f61736,2022-01-19T15:52:40.741Z,2022-01-19T15:52:40.741Z,0
61e836ea9a3b1c0016979ebd,61e7ba6adeb93100166b57a9,5fff72b3de0bdb47f826feaf,60119a6631c66a2ebd9eb4d5,6012d2cccfe09249249f8a42,5fc8d1b20fae0a06bc22db5c,2022-01-19T16:06:02.550Z,2022-01-19T16:06:02.550Z,0
61e837869a3b1c0016979eee,61e7ba6adeb93100166b57a9,5fff72b3de0bdb47f826feaf,60119a6631c66a2ebd9eb4d5,6012d2d3cfe09249249f8a62,600048197cabf80f88f61736,2022-01-19T16:08:38.826Z,2022-01-19T16:08:38.826Z,0
61e90a4c9259840016f8eeb0,60995c244447d40015a3af23,5fff72b3de0bdb47f826feaf,60119a7431c66a2ebd9eb4d7,6012d31fcfe09249249f8a9c,5fc8d1b20fae0a06bc22db5c,2022-01-20T07:07:56.708Z,2022-01-20T07:07:56.708Z,0
61e90aa79259840016f8eed5,60995c244447d40015a3af23,5fff72b3de0bdb47f826feaf,60119a5531c66a2ebd9eb4d3,6012d2abcfe09249249f89f4,5fc8d1b20fae0a06bc22db5c,2022-01-20T07:09:27.806Z,2022-01-20T07:09:27.806Z,0
61e90bcb9259840016f8ef03,60995c244447d40015a3af23,5fff72b3de0bdb47f826feaf,60119a5531c66a2ebd9eb4d3,6012d2abcfe09249249f89f8,5fc8d1b20fae0a06bc22db5c,2022-01-20T07:14:19.393Z,2022-01-20T07:14:19.393Z,0
61e90c119259840016f8ef0e,60995c244447d40015a3af23,5fff72b3de0bdb47f826feaf,60119a5d31c66a2ebd9eb4d4,6012d2bccfe09249249f8a12,5fc8d1b20fae0a06bc22db5c,2022-01-20T07:15:29.404Z,2022-01-20T07:15:29.404Z,0
61e90c779259840016f8ef2d,60995c244447d40015a3af23,5fff72b3de0bdb47f826feaf,60119a8431c66a2ebd9eb4d8,6012d3a3cfe09249249f8b00,5fc8d1b20fae0a06bc22db5c,2022-01-20T07:17:11.834Z,2022-01-20T07:17:11.834Z,0
61e90ceb9259840016f8ef44,60995c244447d40015a3af23,5fff72b3de0bdb47f826feaf,60119ad231c66a2ebd9eb4db,6012d3d3cfe09249249f8b5c,5fc8d1b20fae0a06bc22db5c,2022-01-20T07:19:07.557Z,2022-01-20T07:19:07.557Z,0
61e90da49259840016f8efb9,60995c244447d40015a3af23,5fff72b3de0bdb47f826feaf,60119ad231c66a2ebd9eb4db,6012d3d3cfe09249249f8b5e,5fc8d1b20fae0a06bc22db5c,2022-01-20T07:22:12.991Z,2022-01-20T07:22:12.991Z,0
61eaa84bd3250d00164e5c47,6082a8d53926fe29c8c7f9e5,5fff72b3de0bdb47f826feaf,60119a5531c66a2ebd9eb4d3,6012d2abcfe09249249f89f4,5fc8d1b20fae0a06bc22db5c,2022-01-21T12:34:19.896Z,2022-01-21T12:34:19.896Z,0
61eaf0b0d3250d00164e63ce,619b716e11546c2d8857890e,5fff72b3de0bdb47f826feaf,60119a3331c66a2ebd9eb4cf,6012cec2cfe09249249f88fe,5fc8d1b20fae0a06bc22db5c,2022-01-21T17:43:12.760Z,2022-01-21T17:43:12.760Z,0
61ed65986f56070016a093a0,61ed64e96f56070016a0933a,5fff72b3de0bdb47f826feaf,60119a4f31c66a2ebd9eb4d2,6012d29ccfe09249249f89e0,600048197cabf80f88f61736,2022-01-23T14:26:32.197Z,2022-01-23T14:26:32.197Z,0
61ed81b86f56070016a0961c,61ed81026f56070016a09511,5fff7371de0bdb47f826feb2,60119c6531c66a2ebd9eb504,6012d9fecfe09249249f9358,600048197cabf80f88f61736,2022-01-23T16:26:32.875Z,2022-01-23T16:26:32.875Z,0
61edf21e330a390016b9570f,61edf1ac330a390016b95690,5fff7371de0bdb47f826feb2,60119c2931c66a2ebd9eb4fe,6012d94ecfe09249249f9222,5fc8d1b20fae0a06bc22db5c,2022-01-24T00:26:06.594Z,2022-01-24T00:26:06.594Z,0
61eedb59330a390016b9630e,61c1bdd954396832f47a134d,5fff72b3de0bdb47f826feaf,60119a4431c66a2ebd9eb4d1,6012d234cfe09249249f89a4,600047f67cabf80f88f61735,2022-01-24T17:01:13.847Z,2022-01-24T17:01:13.847Z,0
61f039285006700016e1f824,618f5250a24eec00162a5858,5fff72b3de0bdb47f826feaf,60119a4131c66a2ebd9eb4d0,6012d1b4cfe09249249f896c,600047f67cabf80f88f61735,2022-01-25T17:53:44.373Z,2022-01-25T17:53:44.373Z,0
61f14fa6be0e3d001636966d,61f14df3be0e3d0016369588,5fff7371de0bdb47f826feb2,60119c6531c66a2ebd9eb504,6012d9fecfe09249249f9358,600048197cabf80f88f61736,2022-01-26T13:41:58.465Z,2022-01-26T13:41:58.465Z,0
61f15061be0e3d0016369731,61f14df3be0e3d0016369588,5fff7371de0bdb47f826feb2,60119c2931c66a2ebd9eb4fe,6012d94ecfe09249249f9222,5fc8d1b20fae0a06bc22db5c,2022-01-26T13:45:05.202Z,2022-01-26T13:45:05.202Z,0
61f2a2985947ac001670ea23,61e52fa16eb05e001604f74c,5fff7329de0bdb47f826feb0,60119b5331c66a2ebd9eb4e3,6012d657cfe09249249f8cee,600047f67cabf80f88f61735,2022-01-27T13:48:08.973Z,2022-01-27T13:48:08.973Z,0
61f4565d7475ba001612b3f6,61ef99435006700016e1e9ef,5fff72b3de0bdb47f826feaf,60119a4131c66a2ebd9eb4d0,6012d1b0cfe09249249f8954,5fc8d1b20fae0a06bc22db5c,2022-01-28T20:47:25.967Z,2022-01-28T20:47:25.967Z,0
61fa41f72848070016f4b806,615c3e6cb2fa95001614fe0e,5fff72b3de0bdb47f826feaf,60119a5d31c66a2ebd9eb4d4,6012d2c1cfe09249249f8a2a,600047f67cabf80f88f61735,2022-02-02T08:33:59.270Z,2022-02-02T08:33:59.270Z,0
61fa46d12848070016f4b938,61f7acc1890ea500168ef6a0,5fff7329de0bdb47f826feb0,60119b5631c66a2ebd9eb4e4,6012d670cfe09249249f8d00,5fc8d1b20fae0a06bc22db5c,2022-02-02T08:54:41.373Z,2022-02-02T08:54:41.373Z,0
61fb0f9c2848070016f4d593,61fa687d2848070016f4be7f,5fff7371de0bdb47f826feb2,60119c0c31c66a2ebd9eb4fb,6012d904cfe09249249f916a,5fc8d1b20fae0a06bc22db5c,2022-02-02T23:11:24.742Z,2022-02-02T23:11:24.742Z,0
61fb0fd52848070016f4d598,61fa687d2848070016f4be7f,5fff7371de0bdb47f826feb2,60119c0c31c66a2ebd9eb4fb,6012d904cfe09249249f916c,5fc8d1b20fae0a06bc22db5c,2022-02-02T23:12:21.460Z,2022-02-02T23:12:21.460Z,0
61fba6969d89450016a8378e,6082a5aa3926fe29c8c7f223,5fff72b3de0bdb47f826feaf,60119a3331c66a2ebd9eb4cf,6012cec2cfe09249249f88fe,5fc8d1b20fae0a06bc22db5c,2022-02-03T09:55:34.883Z,2022-02-03T09:55:34.883Z,0
61fecf21ad10f80016707654,61fe91d7ad10f80016706e9f,5fff7371de0bdb47f826feb2,60119c2931c66a2ebd9eb4fe,6012d94ecfe09249249f9222,5fc8d1b20fae0a06bc22db5c,2022-02-05T19:25:21.570Z,2022-02-05T19:25:21.570Z,0
61ff99c2fa06980016feacc6,61ff8ecefa06980016fea72f,5fff7371de0bdb47f826feb2,60119c6531c66a2ebd9eb504,6012d9fecfe09249249f9358,600048197cabf80f88f61736,2022-02-06T09:49:54.650Z,2022-02-06T09:49:54.650Z,0
61ffdc0efa06980016feb47e,61ffdab9fa06980016feb3be,5fff7371de0bdb47f826feb2,60119c2931c66a2ebd9eb4fe,6012d94ecfe09249249f9222,5fc8d1b20fae0a06bc22db5c,2022-02-06T14:32:46.666Z,2022-02-06T14:32:46.666Z,0
6202b7250ad67c001683520b,6202b6e30ad67c00168351af,5fff7371de0bdb47f826feb2,60119c2931c66a2ebd9eb4fe,6012d94ecfe09249249f9222,5fc8d1b20fae0a06bc22db5c,2022-02-08T18:32:05.013Z,2022-02-08T18:32:05.013Z,0
6202da750ad67c0016835c92,6202cac10ad67c00168358fe,5fff72b3de0bdb47f826feaf,60119a4f31c66a2ebd9eb4d2,6012d293cfe09249249f89bc,5fc8d1b20fae0a06bc22db5c,2022-02-08T21:02:45.091Z,2022-02-08T21:02:45.091Z,0
62039c0bfebac900162be678,6092599893c73300157daf7e,5fff734ade0bdb47f826feb1,60119b8531c66a2ebd9eb4e9,6012d6e1cfe09249249f8dfc,5fc8d1b20fae0a06bc22db5c,2022-02-09T10:48:43.065Z,2022-02-09T10:48:43.065Z,0
6203cc4efebac900162bee58,6203cbfafebac900162bed95,5fff7371de0bdb47f826feb2,60119c0c31c66a2ebd9eb4fb,6012d904cfe09249249f916a,5fc8d1b20fae0a06bc22db5c,2022-02-09T14:14:38.091Z,2022-02-09T14:14:38.091Z,0
6203d15ffebac900162bf0f1,6203b6ddfebac900162be9f7,5fff7329de0bdb47f826feb0,60119aea31c66a2ebd9eb4dd,6012d414cfe09249249f8bc8,600047f67cabf80f88f61735,2022-02-09T14:36:15.816Z,2022-02-09T14:36:15.816Z,0
6203da81febac900162bf2ba,6202a1340ad67c0016834be3,5fff734ade0bdb47f826feb1,60119b8531c66a2ebd9eb4e9,6012d6e1cfe09249249f8dfc,5fc8d1b20fae0a06bc22db5c,2022-02-09T15:15:13.546Z,2022-02-09T15:15:13.546Z,0
6203e458febac900162bf64d,6202a1340ad67c0016834be3,5fff734ade0bdb47f826feb1,60119bc331c66a2ebd9eb4f2,6012d817cfe09249249f8fc2,600047f67cabf80f88f61735,2022-02-09T15:57:12.823Z,2022-02-09T15:57:12.823Z,0
6203ead6febac900162bf77c,6203e6c4febac900162bf6d3,5fff734ade0bdb47f826feb1,60119bb231c66a2ebd9eb4f0,6012d7d5cfe09249249f8efa,5fc8d1b20fae0a06bc22db5c,2022-02-09T16:24:54.968Z,2022-02-09T16:24:54.968Z,0
62040098febac900162bfc9a,6202a1340ad67c0016834be3,5fff734ade0bdb47f826feb1,60119b9a31c66a2ebd9eb4ed,6012d789cfe09249249f8e7a,5fc8d1b20fae0a06bc22db5c,2022-02-09T17:57:44.855Z,2022-02-09T17:57:44.855Z,0
62040a9bfebac900162bffe9,6082a98f3926fe29c8c7fbaf,5fff72b3de0bdb47f826feaf,60119a7431c66a2ebd9eb4d7,6012d31fcfe09249249f8a9c,5fc8d1b20fae0a06bc22db5c,2022-02-09T18:40:27.619Z,2022-02-09T18:40:27.619Z,0
6204ca6e69d7b10016d3b873,603fdf31a36c060015655272,5fff72b3de0bdb47f826feaf,60119a3331c66a2ebd9eb4cf,6012cec2cfe09249249f8904,5fc8d1b20fae0a06bc22db5c,2022-02-10T08:18:54.149Z,2022-02-10T08:18:54.149Z,0
6204d0f669d7b10016d3bb3d,603fdf31a36c060015655272,5fff72b3de0bdb47f826feaf,60119a5531c66a2ebd9eb4d3,6012d2b2cfe09249249f8a0c,600048197cabf80f88f61736,2022-02-10T08:46:46.540Z,2022-02-10T08:46:46.540Z,0
6204d10c69d7b10016d3bb4f,603fdf31a36c060015655272,5fff72b3de0bdb47f826feaf,60119a5531c66a2ebd9eb4d3,6012d2b2cfe09249249f8a0e,600048197cabf80f88f61736,2022-02-10T08:47:08.253Z,2022-02-10T08:47:08.253Z,0
6205333e69d7b10016d3d393,618e91cd689cb80016761a41,5fff7371de0bdb47f826feb2,60119c2931c66a2ebd9eb4fe,6012d94ecfe09249249f921a,5fc8d1b20fae0a06bc22db5c,2022-02-10T15:46:06.996Z,2022-02-10T15:46:06.996Z,0
6205359f69d7b10016d3d3fb,6205358e69d7b10016d3d3d3,5fff72b3de0bdb47f826feaf,60119a3331c66a2ebd9eb4cf,6012cec2cfe09249249f8904,5fc8d1b20fae0a06bc22db5c,2022-02-10T15:56:15.997Z,2022-02-10T15:56:15.997Z,0
620543ce69d7b10016d3d5c8,6205369369d7b10016d3d468,5fff734ade0bdb47f826feb1,60119ba931c66a2ebd9eb4ef,6012d7b8cfe09249249f8eca,5fc8d1b20fae0a06bc22db5c,2022-02-10T16:56:46.888Z,2022-02-10T16:56:46.888Z,0
6205442e69d7b10016d3d5e9,6205369369d7b10016d3d468,5fff734ade0bdb47f826feb1,60119b8d31c66a2ebd9eb4eb,6012d762cfe09249249f8e1c,5fc8d1b20fae0a06bc22db5c,2022-02-10T16:58:22.082Z,2022-02-10T16:58:22.082Z,0
6205756669d7b10016d3e5ed,6202a1340ad67c0016834be3,5fff734ade0bdb47f826feb1,60119b8531c66a2ebd9eb4e9,6012d6e6cfe09249249f8e14,600048197cabf80f88f61736,2022-02-10T20:28:22.865Z,2022-02-10T20:28:22.865Z,0
620575a969d7b10016d3e5f1,620573f469d7b10016d3e44c,5fff734ade0bdb47f826feb1,60119b8d31c66a2ebd9eb4eb,6012d766cfe09249249f8e32,600047f67cabf80f88f61735,2022-02-10T20:29:29.919Z,2022-02-10T20:29:29.919Z,0
6205add1b86a170016593196,6205ac49b86a1700165930f0,5fff7371de0bdb47f826feb2,60119c2931c66a2ebd9eb4fe,6012d94ecfe09249249f9222,5fc8d1b20fae0a06bc22db5c,2022-02-11T00:29:05.058Z,2022-02-11T00:29:05.058Z,0
6205adf3b86a17001659319b,6205ac49b86a1700165930f0,5fff7371de0bdb47f826feb2,60119c6531c66a2ebd9eb504,6012d9fecfe09249249f9358,600048197cabf80f88f61736,2022-02-11T00:29:39.721Z,2022-02-11T00:29:39.721Z,0
620682cfb86a17001659492f,62040c1bfebac900162c012d,5fff72b3de0bdb47f826feaf,60119a5531c66a2ebd9eb4d3,6012d2afcfe09249249f8a02,600047f67cabf80f88f61735,2022-02-11T15:37:51.159Z,2022-02-11T15:37:51.159Z,0
62068633b86a170016594aa5,6202a1340ad67c0016834be3,5fff734ade0bdb47f826feb1,60119ba931c66a2ebd9eb4ef,6012d7b8cfe09249249f8eda,5fc8d1b20fae0a06bc22db5c,2022-02-11T15:52:19.925Z,2022-02-11T15:52:19.925Z,0
62068792b86a170016594bcf,6202a1340ad67c0016834be3,5fff734ade0bdb47f826feb1,60119bd231c66a2ebd9eb4f5,6012d846cfe09249249f903e,600047f67cabf80f88f61735,2022-02-11T15:58:10.267Z,2022-02-11T15:58:10.267Z,0
6206ec97b86a170016595c91,61fa687d2848070016f4be7f,5fff7371de0bdb47f826feb2,60119c0c31c66a2ebd9eb4fb,6012d904cfe09249249f916e,5fc8d1b20fae0a06bc22db5c,2022-02-11T23:09:11.160Z,2022-02-11T23:09:11.160Z,0
62073d8462467700169672c5,6206a56ab86a170016595323,5fff7371de0bdb47f826feb2,60119c2931c66a2ebd9eb4fe,6012d94ecfe09249249f9222,5fc8d1b20fae0a06bc22db5c,2022-02-12T04:54:28.721Z,2022-02-12T04:54:28.721Z,0
620a8146fb246e0016dba144,620920857461ab0016dad587,5fff72b3de0bdb47f826feaf,60119a5d31c66a2ebd9eb4d4,6012d2c1cfe09249249f8a2a,600047f67cabf80f88f61735,2022-02-14T16:20:22.887Z,2022-02-14T16:20:22.887Z,0
620b8923f69e6d001663125a,620986b97461ab0016dae21c,5fff7371de0bdb47f826feb2,60119c0831c66a2ebd9eb4fa,6012d8f3cfe09249249f912c,5fc8d1b20fae0a06bc22db5c,2022-02-15T11:06:11.000Z,2022-02-15T11:06:11.000Z,0
620b898af69e6d001663129a,620986b97461ab0016dae21c,5fff7371de0bdb47f826feb2,60119c0c31c66a2ebd9eb4fb,6012d904cfe09249249f916c,5fc8d1b20fae0a06bc22db5c,2022-02-15T11:07:54.904Z,2022-02-15T11:07:54.904Z,0
620b8cb1f69e6d0016631400,620989f77461ab0016dae27d,5fff7371de0bdb47f826feb2,60119c0c31c66a2ebd9eb4fb,6012d904cfe09249249f916a,5fc8d1b20fae0a06bc22db5c,2022-02-15T11:21:21.532Z,2022-02-15T11:21:21.532Z,0
620bd0c0f69e6d0016631945,6082b1cf3926fe29c8c80f7d,5fff72b3de0bdb47f826feaf,60119a4131c66a2ebd9eb4d0,6012d1b0cfe09249249f8954,5fc8d1b20fae0a06bc22db5c,2022-02-15T16:11:44.926Z,2022-02-15T16:11:44.926Z,0
620befc8f69e6d0016631b03,620ac032fb246e0016dba510,5fff7380de0bdb47f826feb3,60119ca931c66a2ebd9eb50c,6012dab8cfe09249249f94f4,5fc8d1b20fae0a06bc22db5c,2022-02-15T18:24:08.743Z,2022-02-15T18:24:08.743Z,0
620cdc3f5a5c1a0016a88bab,620cdbe85a5c1a0016a88b13,5fff5abede0bdb47f826feab,601186e231c66a2ebd9eb4c4,6012cc78cfe09249249f8788,5fc8d1b20fae0a06bc22db5c,2022-02-16T11:13:03.004Z,2022-02-16T11:13:03.004Z,0
620cebd55a5c1a0016a88ef3,6092599893c73300157daf7e,5fff7329de0bdb47f826feb0,60119ae731c66a2ebd9eb4dc,6012d3f8cfe09249249f8b8c,5fc8d1b20fae0a06bc22db5c,2022-02-16T12:19:33.049Z,2022-02-16T12:19:33.049Z,0
620cf7ff5a5c1a0016a89118,620bce23f69e6d001663184a,5fff72b3de0bdb47f826feaf,60119a7431c66a2ebd9eb4d7,6012d31fcfe09249249f8a9c,5fc8d1b20fae0a06bc22db5c,2022-02-16T13:11:27.339Z,2022-02-16T13:11:27.339Z,0
620d09065a5c1a0016a894cb,620ce77d5a5c1a0016a88e7a,5fff72b3de0bdb47f826feaf,60119a5d31c66a2ebd9eb4d4,6012d2bccfe09249249f8a12,5fc8d1b20fae0a06bc22db5c,2022-02-16T14:24:06.204Z,2022-02-16T14:24:06.204Z,0
620d16b65a5c1a0016a8972f,620ce77d5a5c1a0016a88e7a,5fff72b3de0bdb47f826feaf,60119a5d31c66a2ebd9eb4d4,6012d2c1cfe09249249f8a28,600047f67cabf80f88f61735,2022-02-16T15:22:30.037Z,2022-02-16T15:22:30.037Z,0
620d173e5a5c1a0016a89748,620ce77d5a5c1a0016a88e7a,5fff72b3de0bdb47f826feaf,60119a5d31c66a2ebd9eb4d4,6012d2c1cfe09249249f8a2e,600047f67cabf80f88f61735,2022-02-16T15:24:46.645Z,2022-02-16T15:24:46.645Z,0
620e59ed155b420016f384aa,615c3e6cb2fa95001614fe0e,5fff734ade0bdb47f826feb1,60119ba931c66a2ebd9eb4ef,6012d7bccfe09249249f8ee0,600047f67cabf80f88f61735,2022-02-17T14:21:33.850Z,2022-02-17T14:21:33.850Z,0
620e9caa155b420016f38b8d,620e9c83155b420016f38b3b,5fff72b3de0bdb47f826feaf,60119a5531c66a2ebd9eb4d3,6012d2b2cfe09249249f8a0e,600048197cabf80f88f61736,2022-02-17T19:06:18.329Z,2022-02-17T19:06:18.329Z,0
620e9d24155b420016f38c00,620e9c83155b420016f38b3b,5fff72b3de0bdb47f826feaf,60119a7431c66a2ebd9eb4d7,6012d31fcfe09249249f8a9c,5fc8d1b20fae0a06bc22db5c,2022-02-17T19:08:20.479Z,2022-02-17T19:08:20.479Z,0
620f2dce27878f0016c75d3e,61978fc39b79250016f6b1c1,5fff7371de0bdb47f826feb2,60119c7631c66a2ebd9eb506,6203cf0464c6b50016c87781,600047f67cabf80f88f61735,2022-02-18T05:25:34.758Z,2022-02-18T05:25:34.758Z,0
620fa49927878f0016c76d6c,620ce77d5a5c1a0016a88e7a,5fff72b3de0bdb47f826feaf,60119a5d31c66a2ebd9eb4d4,6012d2bccfe09249249f8a1a,5fc8d1b20fae0a06bc22db5c,2022-02-18T13:52:25.378Z,2022-02-18T13:52:25.378Z,0
620fa4c227878f0016c76e13,620ce77d5a5c1a0016a88e7a,5fff72b3de0bdb47f826feaf,60119a5d31c66a2ebd9eb4d4,6012d2bccfe09249249f8a24,5fc8d1b20fae0a06bc22db5c,2022-02-18T13:53:06.015Z,2022-02-18T13:53:06.015Z,0
6213ce55da7c870016d356af,603fdf31a36c060015655272,5fff72b3de0bdb47f826feaf,60119a3331c66a2ebd9eb4cf,6012cec2cfe09249249f8900,5fc8d1b20fae0a06bc22db5c,2022-02-21T17:39:33.340Z,2022-02-21T17:39:33.340Z,0
6213ce83da7c870016d356bb,603fdf31a36c060015655272,5fff72b3de0bdb47f826feaf,60119a3331c66a2ebd9eb4cf,6012cec2cfe09249249f8902,5fc8d1b20fae0a06bc22db5c,2022-02-21T17:40:19.970Z,2022-02-21T17:40:19.970Z,0
6213ceb3da7c870016d356c5,603fdf31a36c060015655272,5fff72b3de0bdb47f826feaf,60119a3331c66a2ebd9eb4cf,6012cec2cfe09249249f8906,5fc8d1b20fae0a06bc22db5c,2022-02-21T17:41:07.128Z,2022-02-21T17:41:07.128Z,0
6213cee8da7c870016d356c9,603fdf31a36c060015655272,5fff72b3de0bdb47f826feaf,60119a3331c66a2ebd9eb4cf,6012cecacfe09249249f891e,600048197cabf80f88f61736,2022-02-21T17:42:00.277Z,2022-02-21T17:42:00.277Z,0
6213cf11da7c870016d356cd,603fdf31a36c060015655272,5fff72b3de0bdb47f826feaf,60119a3331c66a2ebd9eb4cf,6012cecacfe09249249f891c,600048197cabf80f88f61736,2022-02-21T17:42:41.896Z,2022-02-21T17:42:41.896Z,0
62149de8fbc7fd0016da0713,61a71e8288710a0016806c8b,5fff72b3de0bdb47f826feaf,60119a7431c66a2ebd9eb4d7,6012d31fcfe09249249f8a9c,5fc8d1b20fae0a06bc22db5c,2022-02-22T08:25:12.785Z,2022-02-22T08:25:12.785Z,0
62149e21fbc7fd0016da0756,61a71e8288710a0016806c8b,5fff72b3de0bdb47f826feaf,60119a5d31c66a2ebd9eb4d4,6012d2bccfe09249249f8a12,5fc8d1b20fae0a06bc22db5c,2022-02-22T08:26:09.770Z,2022-02-22T08:26:09.770Z,0
62149e22fbc7fd0016da0759,6138326458490c00169f4c99,5fff72b3de0bdb47f826feaf,60119a3331c66a2ebd9eb4cf,6012cec2cfe09249249f88fe,5fc8d1b20fae0a06bc22db5c,2022-02-22T08:26:10.324Z,2022-02-22T08:26:10.324Z,0
6214a435fbc7fd0016da0a9d,6214a39efbc7fd0016da0a54,5fff72b3de0bdb47f826feaf,60119a3331c66a2ebd9eb4cf,6012cec2cfe09249249f88fe,5fc8d1b20fae0a06bc22db5c,2022-02-22T08:52:05.096Z,2022-02-22T08:52:05.096Z,0
6214a9d9fbc7fd0016da0e81,6214a39efbc7fd0016da0a54,5fff72b3de0bdb47f826feaf,60119a3331c66a2ebd9eb4cf,6012cec2cfe09249249f8900,5fc8d1b20fae0a06bc22db5c,2022-02-22T09:16:09.793Z,2022-02-22T09:16:09.793Z,0
6214a9ddfbc7fd0016da0e85,6137760c2d600f0016d17c9a,5fff72b3de0bdb47f826feaf,60119a3331c66a2ebd9eb4cf,6012cec2cfe09249249f8904,5fc8d1b20fae0a06bc22db5c,2022-02-22T09:16:13.428Z,2022-02-22T09:16:13.428Z,0
6214aa15fbc7fd0016da0e99,6138326458490c00169f4c99,5fff72b3de0bdb47f826feaf,60119a5d31c66a2ebd9eb4d4,6012d2bccfe09249249f8a12,5fc8d1b20fae0a06bc22db5c,2022-02-22T09:17:09.911Z,2022-02-22T09:17:09.911Z,0
6214aa29fbc7fd0016da0e9e,6214a536fbc7fd0016da0ac0,5fff7329de0bdb47f826feb0,60119ae731c66a2ebd9eb4dc,6012d3f8cfe09249249f8b8c,5fc8d1b20fae0a06bc22db5c,2022-02-22T09:17:29.558Z,2022-02-22T09:17:29.558Z,0
6214aaa4fbc7fd0016da0ed8,6214a536fbc7fd0016da0ac0,5fff7329de0bdb47f826feb0,60119ae731c66a2ebd9eb4dc,6012d3f8cfe09249249f8b8e,5fc8d1b20fae0a06bc22db5c,2022-02-22T09:19:32.878Z,2022-02-22T09:19:32.878Z,0
6214ac25fbc7fd0016da0fd6,61a71e8288710a0016806c8b,5fff72b3de0bdb47f826feaf,60119a4131c66a2ebd9eb4d0,6012d1b0cfe09249249f8954,5fc8d1b20fae0a06bc22db5c,2022-02-22T09:25:57.379Z,2022-02-22T09:25:57.379Z,0
6214ac87fbc7fd0016da1089,61a71e8288710a0016806c8b,5fff72b3de0bdb47f826feaf,60119a3331c66a2ebd9eb4cf,6012cec2cfe09249249f88fe,5fc8d1b20fae0a06bc22db5c,2022-02-22T09:27:35.896Z,2022-02-22T09:27:35.896Z,0
6214aca9fbc7fd0016da10f8,61e12643b5a22a00169b7257,5fff734ade0bdb47f826feb1,60119b8531c66a2ebd9eb4e9,6012d6e1cfe09249249f8dfc,5fc8d1b20fae0a06bc22db5c,2022-02-22T09:28:09.503Z,2022-02-22T09:28:09.503Z,0
6214acc2fbc7fd0016da1135,6214ac52fbc7fd0016da100f,5fff72b3de0bdb47f826feaf,60119a3331c66a2ebd9eb4cf,6012cec2cfe09249249f88fe,5fc8d1b20fae0a06bc22db5c,2022-02-22T09:28:34.920Z,2022-02-22T09:28:34.920Z,0
6214acd0fbc7fd0016da116a,6138326458490c00169f4c99,5fff72b3de0bdb47f826feaf,60119a5d31c66a2ebd9eb4d4,6012d2bccfe09249249f8a14,5fc8d1b20fae0a06bc22db5c,2022-02-22T09:28:48.971Z,2022-02-22T09:28:48.971Z,0
6214acdafbc7fd0016da118b,6214a8eafbc7fd0016da0d7c,5fc8cfbb81a55b4c3c19737d,5fff5bab3fd2d54b08047c82,6012bdcecfe09249249f7e9c,5fc8d1b20fae0a06bc22db5c,2022-02-22T09:28:58.054Z,2022-02-22T09:28:58.054Z,0
6214adabfbc7fd0016da12cc,6214a39efbc7fd0016da0a54,5fff72b3de0bdb47f826feaf,60119a5d31c66a2ebd9eb4d4,6012d2bccfe09249249f8a14,5fc8d1b20fae0a06bc22db5c,2022-02-22T09:32:27.500Z,2022-02-22T09:32:27.500Z,0
6214adcefbc7fd0016da1302,6214a39efbc7fd0016da0a54,5fff72b3de0bdb47f826feaf,60119a5d31c66a2ebd9eb4d4,6012d2bccfe09249249f8a18,5fc8d1b20fae0a06bc22db5c,2022-02-22T09:33:02.865Z,2022-02-22T09:33:02.865Z,0
621635b2ac523500165f9e93,62160d62ac523500165f9369,5fff7371de0bdb47f826feb2,60119c2931c66a2ebd9eb4fe,6012d94ecfe09249249f921a,5fc8d1b20fae0a06bc22db5c,2022-02-23T13:25:06.326Z,2022-02-23T13:25:06.326Z,0
62163677ac523500165f9f43,62138aaeda7c870016d35141,5fff7371de0bdb47f826feb2,60119c2931c66a2ebd9eb4fe,6012d94ecfe09249249f9222,5fc8d1b20fae0a06bc22db5c,2022-02-23T13:28:23.498Z,2022-02-23T13:28:23.498Z,0
62164549ac523500165fa12f,621644c8ac523500165fa100,5fff72b3de0bdb47f826feaf,60119ad231c66a2ebd9eb4db,6012d3d3cfe09249249f8b5e,5fc8d1b20fae0a06bc22db5c,2022-02-23T14:31:37.498Z,2022-02-23T14:31:37.498Z,0
62175ccf01172000160b781b,620a1f66fb246e0016db9705,5fff7371de0bdb47f826feb2,60119c5531c66a2ebd9eb502,6012d9adcfe09249249f92f8,5fc8d1b20fae0a06bc22db5c,2022-02-24T10:24:15.592Z,2022-02-24T10:24:15.592Z,0
6218ad9b8638ed00161222ad,6218ad7b8638ed0016122256,5fff734ade0bdb47f826feb1,60119b8531c66a2ebd9eb4e9,6012d6e1cfe09249249f8dfe,5fc8d1b20fae0a06bc22db5c,2022-02-25T10:21:15.207Z,2022-02-25T10:21:15.207Z,0
621900428638ed0016123234,61f40f667475ba001612ad65,5fff734ade0bdb47f826feb1,60119b8531c66a2ebd9eb4e9,6012d6e1cfe09249249f8dfc,5fc8d1b20fae0a06bc22db5c,2022-02-25T16:13:54.776Z,2022-02-25T16:13:54.776Z,0
621900b88638ed0016123248,61f40f667475ba001612ad65,5fff734ade0bdb47f826feb1,60119b8531c66a2ebd9eb4e9,6012d6e1cfe09249249f8e00,5fc8d1b20fae0a06bc22db5c,2022-02-25T16:15:52.648Z,2022-02-25T16:15:52.648Z,0
621901d88638ed00161233ee,61f40f667475ba001612ad65,5fff734ade0bdb47f826feb1,60119b8531c66a2ebd9eb4e9,6012d6e1cfe09249249f8dfe,5fc8d1b20fae0a06bc22db5c,2022-02-25T16:20:40.476Z,2022-02-25T16:20:40.476Z,0
621902258638ed001612342e,61f40f667475ba001612ad65,5fff734ade0bdb47f826feb1,60119ba131c66a2ebd9eb4ee,6012d7a8cfe09249249f8eb2,600047f67cabf80f88f61735,2022-02-25T16:21:57.492Z,2022-02-25T16:21:57.492Z,0
6219025a8638ed0016123433,61f40f667475ba001612ad65,5fff734ade0bdb47f826feb1,60119b9a31c66a2ebd9eb4ed,6012d789cfe09249249f8e7a,5fc8d1b20fae0a06bc22db5c,2022-02-25T16:22:50.313Z,2022-02-25T16:22:50.313Z,0
621902878638ed001612343c,61f40f667475ba001612ad65,5fff734ade0bdb47f826feb1,60119bce31c66a2ebd9eb4f4,6012d838cfe09249249f9012,600047f67cabf80f88f61735,2022-02-25T16:23:35.525Z,2022-02-25T16:23:35.525Z,0
62190c3a8638ed00161235e1,61f40f667475ba001612ad65,5fff734ade0bdb47f826feb1,60119ba931c66a2ebd9eb4ef,6012d7c0cfe09249249f8ef2,600048197cabf80f88f61736,2022-02-25T17:04:58.865Z,2022-02-25T17:04:58.865Z,0
621913128638ed00161236c2,61f40f667475ba001612ad65,5fff734ade0bdb47f826feb1,60119b8531c66a2ebd9eb4e9,6012d6e3cfe09249249f8e0e,600047f67cabf80f88f61735,2022-02-25T17:34:10.602Z,2022-02-25T17:34:10.602Z,0
62198a6ef7f9c20016d2763a,619b74e811546c2d8857a21e,5fff72b3de0bdb47f826feaf,60119a5531c66a2ebd9eb4d3,6012d2b2cfe09249249f8a0e,600048197cabf80f88f61736,2022-02-26T02:03:26.705Z,2022-02-26T02:03:26.705Z,0
62198ae0f7f9c20016d2768d,619b74e811546c2d8857a21e,5fff72b3de0bdb47f826feaf,60119a4431c66a2ebd9eb4d1,6012d234cfe09249249f89a2,600047f67cabf80f88f61735,2022-02-26T02:05:20.005Z,2022-02-26T02:05:20.005Z,0
621bd785b5af85001655016d,621bcb57b5af85001654fce4,5fff734ade0bdb47f826feb1,60119b8531c66a2ebd9eb4e9,6012d6e3cfe09249249f8e0e,600047f67cabf80f88f61735,2022-02-27T19:56:53.400Z,2022-02-27T19:56:53.400Z,0
621d4869d1b88f00167dc5be,6138326458490c00169f4c99,5fff72b3de0bdb47f826feaf,60119a3331c66a2ebd9eb4cf,6012cec2cfe09249249f8900,5fc8d1b20fae0a06bc22db5c,2022-02-28T22:10:49.672Z,2022-02-28T22:10:49.672Z,0
621e0d4ccdd61000162bb392,60746420f639ba001595b8d1,5fff7371de0bdb47f826feb2,60119c2931c66a2ebd9eb4fe,6012d94ecfe09249249f921a,5fc8d1b20fae0a06bc22db5c,2022-03-01T12:10:52.352Z,2022-03-01T12:10:52.352Z,0
621e0f3fcdd61000162bb475,60746420f639ba001595b8d1,5fff7371de0bdb47f826feb2,60119c5531c66a2ebd9eb502,6012d9adcfe09249249f92fc,5fc8d1b20fae0a06bc22db5c,2022-03-01T12:19:11.765Z,2022-03-01T12:19:11.765Z,0
621e0f62cdd61000162bb478,60746420f639ba001595b8d1,5fff7371de0bdb47f826feb2,60119c5531c66a2ebd9eb502,6012d9adcfe09249249f92fa,5fc8d1b20fae0a06bc22db5c,2022-03-01T12:19:46.895Z,2022-03-01T12:19:46.895Z,0
621e133ecdd61000162bb5ea,60746420f639ba001595b8d1,5fff7371de0bdb47f826feb2,60119c0831c66a2ebd9eb4fa,6012d8f3cfe09249249f912c,5fc8d1b20fae0a06bc22db5c,2022-03-01T12:36:14.881Z,2022-03-01T12:36:14.881Z,0
621e501ccdd61000162bb975,621e4f95cdd61000162bb893,5fff7371de0bdb47f826feb2,60119c6531c66a2ebd9eb504,6012d9f8cfe09249249f9340,5fc8d1b20fae0a06bc22db5c,2022-03-01T16:55:56.889Z,2022-03-01T16:55:56.889Z,0
621e56d6cdd61000162bba5d,621e4f95cdd61000162bb893,5fff7371de0bdb47f826feb2,60119c2931c66a2ebd9eb4fe,6012d94ecfe09249249f9222,5fc8d1b20fae0a06bc22db5c,2022-03-01T17:24:38.547Z,2022-03-01T17:24:38.547Z,0
621f308095f43d0016bc424c,620989f77461ab0016dae27d,5fff7371de0bdb47f826feb2,60119c2931c66a2ebd9eb4fe,6012d94ecfe09249249f921a,5fc8d1b20fae0a06bc22db5c,2022-03-02T08:53:20.232Z,2022-03-02T08:53:20.232Z,0
6220c2eb67e1fb0016c6a519,6220c19b67e1fb0016c6a475,5fff7371de0bdb47f826feb2,60119c7631c66a2ebd9eb506,6012da1fcfe09249249f938e,5fc8d1b20fae0a06bc22db5c,2022-03-03T13:30:19.183Z,2022-03-03T13:30:19.183Z,0
6220c6f067e1fb0016c6a609,6220c19b67e1fb0016c6a475,5fff7371de0bdb47f826feb2,60119c7631c66a2ebd9eb506,6012da1fcfe09249249f9390,5fc8d1b20fae0a06bc22db5c,2022-03-03T13:47:28.988Z,2022-03-03T13:47:28.988Z,0
6220c91967e1fb0016c6a750,6220c19b67e1fb0016c6a475,5fff7371de0bdb47f826feb2,60119c7631c66a2ebd9eb506,620e351922ed3d0016953a3f,5fc8d1b20fae0a06bc22db5c,2022-03-03T13:56:41.534Z,2022-03-03T13:56:41.534Z,0
6220ca9067e1fb0016c6a847,6220c19b67e1fb0016c6a475,5fff7371de0bdb47f826feb2,60119c7631c66a2ebd9eb506,620b55c952b1ef001661e24c,5fc8d1b20fae0a06bc22db5c,2022-03-03T14:02:56.060Z,2022-03-03T14:02:56.060Z,0
62219d8162b1d90016078fd7,6092599893c73300157daf7e,5fff72b3de0bdb47f826feaf,60119a3331c66a2ebd9eb4cf,6012cec2cfe09249249f8902,5fc8d1b20fae0a06bc22db5c,2022-03-04T05:02:57.718Z,2022-03-04T05:02:57.718Z,0
6222044862b1d900160797c4,60e75c0cdf20f743607ab6d8,5fff72b3de0bdb47f826feaf,60119a5531c66a2ebd9eb4d3,6012d2b2cfe09249249f8a0e,600048197cabf80f88f61736,2022-03-04T12:21:28.415Z,2022-03-04T12:21:28.415Z,0
6222051062b1d90016079812,60e75c0cdf20f743607ab6d8,5fff72b3de0bdb47f826feaf,60119a4131c66a2ebd9eb4d0,6012d1b0cfe09249249f8954,5fc8d1b20fae0a06bc22db5c,2022-03-04T12:24:48.911Z,2022-03-04T12:24:48.911Z,0
6224b4a307e12c00162ae232,6224b39507e12c00162ae1e4,5fff7329de0bdb47f826feb0,60119aea31c66a2ebd9eb4dd,6012d414cfe09249249f8bc8,600047f67cabf80f88f61735,2022-03-06T13:18:27.698Z,2022-03-06T13:18:27.698Z,0
6227881cd64c5b00163966c5,62223d7d62b1d90016079e00,5fff7399de0bdb47f826feb4,60119d6b31c66a2ebd9eb524,620b543a52b1ef001661e201,5fc8d1b20fae0a06bc22db5c,2022-03-08T16:45:16.905Z,2022-03-08T16:45:16.905Z,0
62278899d64c5b00163966df,62223d7d62b1d90016079e00,5fff7399de0bdb47f826feb4,60119d6b31c66a2ebd9eb524,620b548d52b1ef001661e20c,5fc8d1b20fae0a06bc22db5c,2022-03-08T16:47:21.870Z,2022-03-08T16:47:21.870Z,0
6229b9d8698242001655169d,61b8b6f91baa630016275bb2,5fff7371de0bdb47f826feb2,60119c6531c66a2ebd9eb504,6012d9fecfe09249249f9358,600048197cabf80f88f61736,2022-03-10T08:42:00.760Z,2022-03-10T08:42:00.760Z,0
622aa6056982420016552c0a,622aa4a56982420016552b43,5fff72b3de0bdb47f826feaf,60119a7431c66a2ebd9eb4d7,6012d31fcfe09249249f8a9c,5fc8d1b20fae0a06bc22db5c,2022-03-11T01:29:41.383Z,2022-03-11T01:29:41.383Z,0
622aa64c6982420016552c15,622aa4a56982420016552b43,5fff72b3de0bdb47f826feaf,60119a6631c66a2ebd9eb4d5,6012d2cccfe09249249f8a42,5fc8d1b20fae0a06bc22db5c,2022-03-11T01:30:52.168Z,2022-03-11T01:30:52.168Z,0
622aadc46982420016552ccb,622aabfc6982420016552c74,5fff734ade0bdb47f826feb1,60119b8531c66a2ebd9eb4e9,6012d6e1cfe09249249f8dfc,5fc8d1b20fae0a06bc22db5c,2022-03-11T02:02:44.595Z,2022-03-11T02:02:44.595Z,0
622afa835cb5da00163e41f2,622af93b5cb5da00163e4137,5fff7371de0bdb47f826feb2,60119c2931c66a2ebd9eb4fe,6012d94ecfe09249249f9222,5fc8d1b20fae0a06bc22db5c,2022-03-11T07:30:11.397Z,2022-03-11T07:30:11.397Z,0
622afab05cb5da00163e41f7,622af93b5cb5da00163e4137,5fff7371de0bdb47f826feb2,60119c6531c66a2ebd9eb504,6012d9fecfe09249249f9358,600048197cabf80f88f61736,2022-03-11T07:30:56.489Z,2022-03-11T07:30:56.489Z,0
622b335f5cb5da00163e43ff,622afbfb5cb5da00163e4208,5fff7399de0bdb47f826feb4,60119d4a31c66a2ebd9eb520,6013b9543ea6f01810808916,5fc8d1b20fae0a06bc22db5c,2022-03-11T11:32:47.310Z,2022-03-11T11:32:47.310Z,0
622b73085cb5da00163e4c1a,61f40f667475ba001612ad65,5fff734ade0bdb47f826feb1,60119bb231c66a2ebd9eb4f0,6012d7dccfe09249249f8f14,600048197cabf80f88f61736,2022-03-11T16:04:24.798Z,2022-03-11T16:04:24.798Z,0
622e4c1290b3500016e74bc4,621bcb57b5af85001654fce4,5fff734ade0bdb47f826feb1,60119b9331c66a2ebd9eb4ec,6012d779cfe09249249f8e60,600047f67cabf80f88f61735,2022-03-13T19:54:58.168Z,2022-03-13T19:54:58.168Z,0
622fa0d109420a0016bf5d04,621cadead1b88f00167db317,5fff7380de0bdb47f826feb3,60119caf31c66a2ebd9eb50d,6012dac3cfe09249249f9514,5fc8d1b20fae0a06bc22db5c,2022-03-14T20:08:49.707Z,2022-03-14T20:08:49.707Z,0
623099974abd310016a8d12e,6226304c5f704400167e25b9,5fff7371de0bdb47f826feb2,60119bf631c66a2ebd9eb4f7,6012d8adcfe09249249f9094,5fc8d1b20fae0a06bc22db5c,2022-03-15T13:50:15.553Z,2022-03-15T13:50:15.553Z,0
6232f78df416be0016569775,6232f712f416be00165696ca,5fff734ade0bdb47f826feb1,60119bce31c66a2ebd9eb4f4,6012d838cfe09249249f9012,600047f67cabf80f88f61735,2022-03-17T08:55:41.856Z,2022-03-17T08:55:41.856Z,0
6232f7c6f416be00165697ce,6232f712f416be00165696ca,5fff734ade0bdb47f826feb1,60119b8531c66a2ebd9eb4e9,6012d6e1cfe09249249f8dfc,5fc8d1b20fae0a06bc22db5c,2022-03-17T08:56:38.941Z,2022-03-17T08:56:38.941Z,0
62344897dba75e0016d56715,603fdf31a36c060015655272,5fff72b3de0bdb47f826feaf,60119a3331c66a2ebd9eb4cf,6012cec2cfe09249249f88fe,5fc8d1b20fae0a06bc22db5c,2022-03-18T08:53:43.686Z,2022-03-18T08:53:43.686Z,0
6235bcb17f35390016f7331f,6235bb817f35390016f732f1,5fff7371de0bdb47f826feb2,60119c7631c66a2ebd9eb506,6012da1fcfe09249249f938e,5fc8d1b20fae0a06bc22db5c,2022-03-19T11:21:21.249Z,2022-03-19T11:21:21.249Z,0
6235d4a97f35390016f734c5,61953c479342cc00168b2fb4,5fff7371de0bdb47f826feb2,60119c7631c66a2ebd9eb506,6012da1fcfe09249249f938c,5fc8d1b20fae0a06bc22db5c,2022-03-19T13:03:37.363Z,2022-03-19T13:03:37.363Z,0
6237204fd2aa570016eb349b,621c6a9cd1b88f00167dac4d,5fff5abede0bdb47f826feab,601186e231c66a2ebd9eb4c4,6012cc78cfe09249249f8788,5fc8d1b20fae0a06bc22db5c,2022-03-20T12:38:39.408Z,2022-03-20T12:38:39.408Z,0
6237acbff3c9d60016dd3f3d,61fa687d2848070016f4be7f,5fff7371de0bdb47f826feb2,60119c0c31c66a2ebd9eb4fb,6012d904cfe09249249f9172,5fc8d1b20fae0a06bc22db5c,2022-03-20T22:37:51.703Z,2022-03-20T22:37:51.703Z,0
623866ddf3c9d60016dd4849,621644c8ac523500165fa100,5fff72b3de0bdb47f826feaf,60119a5d31c66a2ebd9eb4d4,6012d2bccfe09249249f8a14,5fc8d1b20fae0a06bc22db5c,2022-03-21T11:51:57.089Z,2022-03-21T11:51:57.089Z,0
6238a0c5f3c9d60016dd4bae,6237909dd2aa570016eb3f47,5fff734ade0bdb47f826feb1,60119b8531c66a2ebd9eb4e9,6012d6e1cfe09249249f8dfc,5fc8d1b20fae0a06bc22db5c,2022-03-21T15:59:01.804Z,2022-03-21T15:59:01.804Z,0
623a014ff8d7280016ae9bc4,6239f168f8d7280016ae9a26,5fff7371de0bdb47f826feb2,60119c0231c66a2ebd9eb4f9,6012d8cecfe09249249f90f6,5fc8d1b20fae0a06bc22db5c,2022-03-22T17:03:11.576Z,2022-03-22T17:03:11.576Z,0
623f6ffb2bb84e0016d2624a,621644c8ac523500165fa100,5fff72b3de0bdb47f826feaf,60119a7431c66a2ebd9eb4d7,6012d31fcfe09249249f8a9c,5fc8d1b20fae0a06bc22db5c,2022-03-26T19:56:43.926Z,2022-03-26T19:56:43.926Z,0
62436f029a34ef001626dc0e,6228df0375acee00166e89b0,5fff7399de0bdb47f826feb4,60119d4a31c66a2ebd9eb520,6013b9543ea6f0181080891a,5fc8d1b20fae0a06bc22db5c,2022-03-29T20:41:38.153Z,2022-03-29T20:41:38.153Z,0
6243bbda9a34ef001626df9e,6243b9e69a34ef001626df21,5fff7399de0bdb47f826feb4,60119d6531c66a2ebd9eb523,6013b9a73ea6f01810808972,5fc8d1b20fae0a06bc22db5c,2022-03-30T02:09:30.253Z,2022-03-30T02:09:30.253Z,0
6246110231d76d001691475c,618e95aa689cb80016761bbf,5fff7371de0bdb47f826feb2,60119c6531c66a2ebd9eb504,6012d9f8cfe09249249f9346,5fc8d1b20fae0a06bc22db5c,2022-03-31T20:37:22.986Z,2022-03-31T20:37:22.986Z,0
6247c3724260570016d18f8f,6247c0494260570016d18f16,5fff7371de0bdb47f826feb2,60119c7631c66a2ebd9eb506,6012da1fcfe09249249f938c,5fc8d1b20fae0a06bc22db5c,2022-04-02T03:30:58.378Z,2022-04-02T03:30:58.378Z,0
6248215c4260570016d19622,615c3e6cb2fa95001614fe0e,5fff7329de0bdb47f826feb0,60119b4c31c66a2ebd9eb4e2,6012d63ecfe09249249f8cbe,600047f67cabf80f88f61735,2022-04-02T10:11:40.404Z,2022-04-02T10:11:40.404Z,0
62488185fcf262001641b714,62419af24e11850016e12928,5fff734ade0bdb47f826feb1,60119bb231c66a2ebd9eb4f0,6012d7dccfe09249249f8f14,600048197cabf80f88f61736,2022-04-02T17:01:57.669Z,2022-04-02T17:01:57.669Z,0
6249cbb4db2c0f0016b39d06,6249c70fdb2c0f0016b39c0d,5fff72b3de0bdb47f826feaf,60119a4131c66a2ebd9eb4d0,6012d1b0cfe09249249f8954,5fc8d1b20fae0a06bc22db5c,2022-04-03T16:30:44.615Z,2022-04-03T16:30:44.615Z,0
624ab482db2c0f0016b3a845,6082a9023926fe29c8c7fa5b,5fff72b3de0bdb47f826feaf,60119a5531c66a2ebd9eb4d3,6012d2b2cfe09249249f8a0e,600048197cabf80f88f61736,2022-04-04T09:04:02.280Z,2022-04-04T09:04:02.280Z,0
624ab74fdb2c0f0016b3a8bb,6082a9023926fe29c8c7fa5b,5fff72b3de0bdb47f826feaf,60119a5531c66a2ebd9eb4d3,6012d2afcfe09249249f8a08,600047f67cabf80f88f61735,2022-04-04T09:15:59.212Z,2022-04-04T09:15:59.212Z,0
624ad13adb2c0f0016b3abf2,624acf80db2c0f0016b3aae5,5fff7399de0bdb47f826feb4,60119d4a31c66a2ebd9eb520,6013b9543ea6f01810808916,5fc8d1b20fae0a06bc22db5c,2022-04-04T11:06:34.051Z,2022-04-04T11:06:34.051Z,0
624e8de60d74fb001670e1ea,624e8abd0d74fb001670e181,5fff7371de0bdb47f826feb2,60119c2931c66a2ebd9eb4fe,6012d94ecfe09249249f9222,5fc8d1b20fae0a06bc22db5c,2022-04-07T07:08:22.112Z,2022-04-07T07:08:22.112Z,0
624ee4620d74fb001670ea28,624ed72d0d74fb001670e729,5fff7399de0bdb47f826feb4,60119d6531c66a2ebd9eb523,6013b9a73ea6f01810808972,5fc8d1b20fae0a06bc22db5c,2022-04-07T13:17:22.297Z,2022-04-07T13:17:22.297Z,0
624f0c61e957690016d8a923,624f09cfe957690016d8a857,5fff7371de0bdb47f826feb2,60119c7631c66a2ebd9eb506,6012da1fcfe09249249f938c,5fc8d1b20fae0a06bc22db5c,2022-04-07T16:08:01.120Z,2022-04-07T16:08:01.120Z,0
624f33b4e957690016d8ae4a,624f09cfe957690016d8a857,5fff7371de0bdb47f826feb2,60119c7631c66a2ebd9eb506,6012da24cfe09249249f93aa,600047f67cabf80f88f61735,2022-04-07T18:55:48.627Z,2022-04-07T18:55:48.627Z,0
62513e21b4f6a40016976462,624398969a34ef001626de0f,5fff7371de0bdb47f826feb2,60119c0c31c66a2ebd9eb4fb,6012d904cfe09249249f9176,5fc8d1b20fae0a06bc22db5c,2022-04-09T08:04:49.661Z,2022-04-09T08:04:49.661Z,0
62513f11b4f6a4001697646f,624398969a34ef001626de0f,5fff7371de0bdb47f826feb2,60119c0c31c66a2ebd9eb4fb,6012d904cfe09249249f917c,5fc8d1b20fae0a06bc22db5c,2022-04-09T08:08:49.855Z,2022-04-09T08:08:49.855Z,0
62534955eed5f300162d3c8b,61661a1c67bd6b00162cbc3b,5fff734ade0bdb47f826feb1,60119b8931c66a2ebd9eb4ea,60488f0946235685e0f5e07f,600047f67cabf80f88f61735,2022-04-10T21:17:09.077Z,2022-04-10T21:17:09.077Z,0
62547974f2f83800165d7816,6252d4c85e6ea600168e87a0,5fff734ade0bdb47f826feb1,60119b8531c66a2ebd9eb4e9,6012d6e1cfe09249249f8dfc,5fc8d1b20fae0a06bc22db5c,2022-04-11T18:54:44.593Z,2022-04-11T18:54:44.593Z,0
62547d4cf2f83800165d78bf,62545fc2f2f83800165d70b6,5fff7399de0bdb47f826feb4,60119d4a31c66a2ebd9eb520,6013b9543ea6f01810808912,5fc8d1b20fae0a06bc22db5c,2022-04-11T19:11:08.149Z,2022-04-11T19:11:08.149Z,0
6255e7ed1b75fa0016d87cc1,6255e76d1b75fa0016d87c5a,5fff734ade0bdb47f826feb1,60119b8531c66a2ebd9eb4e9,6012d6e3cfe09249249f8e0e,600047f67cabf80f88f61735,2022-04-12T20:58:21.866Z,2022-04-12T20:58:21.866Z,0
6258a7b150d0b00016a4228d,61661a1c67bd6b00162cbc3b,5fff734ade0bdb47f826feb1,60119bce31c66a2ebd9eb4f4,6012d834cfe09249249f9004,5fc8d1b20fae0a06bc22db5c,2022-04-14T23:01:05.477Z,2022-04-14T23:01:05.477Z,0
6259d2eaf4d56c0016c18203,6259d259f4d56c0016c181b1,5fff7371de0bdb47f826feb2,60119bfb31c66a2ebd9eb4f8,6012d8bccfe09249249f90c0,5fc8d1b20fae0a06bc22db5c,2022-04-15T20:17:46.972Z,2022-04-15T20:17:46.972Z,0
625a6cb2f4d56c0016c18d9e,625920ea50d0b00016a4283c,5fff7399de0bdb47f826feb4,60119d6531c66a2ebd9eb523,6013b9a73ea6f01810808972,5fc8d1b20fae0a06bc22db5c,2022-04-16T07:13:54.962Z,2022-04-16T07:13:54.962Z,0
625a738bf4d56c0016c18f3b,625a7312f4d56c0016c18eca,5fff734ade0bdb47f826feb1,60119ba931c66a2ebd9eb4ef,6012d7b8cfe09249249f8eca,5fc8d1b20fae0a06bc22db5c,2022-04-16T07:43:07.503Z,2022-04-16T07:43:07.503Z,0
625a766bf4d56c0016c18fd5,625920ea50d0b00016a4283c,5fff7399de0bdb47f826feb4,60119d6531c66a2ebd9eb523,620e35ef22ed3d0016953a60,5fc8d1b20fae0a06bc22db5c,2022-04-16T07:55:23.573Z,2022-04-16T07:55:23.573Z,0
625a76d0f4d56c0016c19029,625920ea50d0b00016a4283c,5fff7399de0bdb47f826feb4,60119d6531c66a2ebd9eb523,620e362f22ed3d0016953a6b,5fc8d1b20fae0a06bc22db5c,2022-04-16T07:57:04.516Z,2022-04-16T07:57:04.516Z,0
625a7bc5f4d56c0016c1916f,6259d259f4d56c0016c181b1,5fff7371de0bdb47f826feb2,60119c7631c66a2ebd9eb506,6203cd0d64c6b50016c87753,600047f67cabf80f88f61735,2022-04-16T08:18:13.974Z,2022-04-16T08:18:13.974Z,0
625ac85cf4d56c0016c19b00,625961ca50d0b00016a430d9,5fff7371de0bdb47f826feb2,60119c5531c66a2ebd9eb502,6012d9adcfe09249249f92f2,5fc8d1b20fae0a06bc22db5c,2022-04-16T13:45:00.649Z,2022-04-16T13:45:00.649Z,0
625c0b2df03de30016cc7026,625af6d7f4d56c0016c1a200,5fff72b3de0bdb47f826feaf,60119a3331c66a2ebd9eb4cf,6012cecacfe09249249f891c,600048197cabf80f88f61736,2022-04-17T12:42:21.857Z,2022-04-17T12:42:21.857Z,0
625c0c0cf03de30016cc7046,625af6d7f4d56c0016c1a200,5fff72b3de0bdb47f826feaf,60119a6e31c66a2ebd9eb4d6,6012d2fccfe09249249f8a7c,5fc8d1b20fae0a06bc22db5c,2022-04-17T12:46:04.496Z,2022-04-17T12:46:04.496Z,0
625c700256bb0600168906d5,621644c8ac523500165fa100,5fff72b3de0bdb47f826feaf,60119ad231c66a2ebd9eb4db,6012d3d3cfe09249249f8b68,5fc8d1b20fae0a06bc22db5c,2022-04-17T19:52:34.254Z,2022-04-17T19:52:34.254Z,0
625c7bcf56bb060016890a3f,625af6d7f4d56c0016c1a200,5fff72b3de0bdb47f826feaf,60119a5531c66a2ebd9eb4d3,6012d2b2cfe09249249f8a0e,600048197cabf80f88f61736,2022-04-17T20:42:55.220Z,2022-04-17T20:42:55.220Z,0
625caad856bb060016890f1a,625ca83656bb060016890e70,5fff7371de0bdb47f826feb2,60119bfb31c66a2ebd9eb4f8,6012d8bccfe09249249f90c0,5fc8d1b20fae0a06bc22db5c,2022-04-18T00:03:36.786Z,2022-04-18T00:03:36.786Z,0
625d669f56bb060016891d14,614375441ec938001617c3af,5fff734ade0bdb47f826feb1,60119bc331c66a2ebd9eb4f2,6012d81acfe09249249f8fd0,600048197cabf80f88f61736,2022-04-18T13:24:47.181Z,2022-04-18T13:24:47.181Z,0
625e83208cce450016bdf588,618d4127240b220016b8441b,5fff72b3de0bdb47f826feaf,60119a3331c66a2ebd9eb4cf,6012cec2cfe09249249f88fe,5fc8d1b20fae0a06bc22db5c,2022-04-19T09:38:40.003Z,2022-04-19T09:38:40.003Z,0
625f4f7da18fc200167c8bf2,625737a69b0aff0016fae43d,5fc8cfbb81a55b4c3c19737d,5fff5bab3fd2d54b08047c82,6012bdcecfe09249249f7e9c,5fc8d1b20fae0a06bc22db5c,2022-04-20T00:10:37.992Z,2022-04-20T00:10:37.992Z,0
625fcd48a18fc200167c93a5,62121e41b7fd85001678bb71,5fff7399de0bdb47f826feb4,60119d4a31c66a2ebd9eb520,6013b9543ea6f0181080891a,5fc8d1b20fae0a06bc22db5c,2022-04-20T09:07:20.533Z,2022-04-20T09:07:20.533Z,0
626125175cb1a8001652253d,62121e41b7fd85001678bb71,5fff7399de0bdb47f826feb4,60119d4a31c66a2ebd9eb520,6013b9543ea6f01810808916,5fc8d1b20fae0a06bc22db5c,2022-04-21T09:34:15.891Z,2022-04-21T09:34:15.891Z,0
626249710f7851001661a5b8,626248db0f7851001661a577,5fff7380de0bdb47f826feb3,60119ca931c66a2ebd9eb50c,6012dab8cfe09249249f94f4,5fc8d1b20fae0a06bc22db5c,2022-04-22T06:21:37.857Z,2022-04-22T06:21:37.857Z,0
62666f292f956a00162f7eb0,620408a4febac900162bfec5,5fff5a67de0bdb47f826fea8,6011854c31c66a2ebd9eb4a4,6012c71ccfe09249249f8230,600047f67cabf80f88f61735,2022-04-25T09:51:37.233Z,2022-04-25T09:51:37.233Z,0
6267532e2f956a00162f9299,626752ac2f956a00162f9246,5fff72b3de0bdb47f826feaf,60119a3331c66a2ebd9eb4cf,6012cec2cfe09249249f8904,5fc8d1b20fae0a06bc22db5c,2022-04-26T02:04:30.049Z,2022-04-26T02:04:30.049Z,0
626753992f956a00162f9306,6267536a2f956a00162f92a4,5fff72b3de0bdb47f826feaf,60119a3331c66a2ebd9eb4cf,6012cec2cfe09249249f88fe,5fc8d1b20fae0a06bc22db5c,2022-04-26T02:06:17.426Z,2022-04-26T02:06:17.426Z,0
6267549a2f956a00162f9370,6267536a2f956a00162f92a4,5fff72b3de0bdb47f826feaf,60119a5d31c66a2ebd9eb4d4,6012d2bccfe09249249f8a12,5fc8d1b20fae0a06bc22db5c,2022-04-26T02:10:34.969Z,2022-04-26T02:10:34.969Z,0
6267549e2f956a00162f9373,6267542b2f956a00162f930c,5fff72b3de0bdb47f826feaf,60119a4131c66a2ebd9eb4d0,6012d1b0cfe09249249f8954,5fc8d1b20fae0a06bc22db5c,2022-04-26T02:10:38.679Z,2022-04-26T02:10:38.679Z,0
6267557f2f956a00162f93e4,626752ac2f956a00162f9246,5fff72b3de0bdb47f826feaf,60119a3331c66a2ebd9eb4cf,6012cec2cfe09249249f88fe,5fc8d1b20fae0a06bc22db5c,2022-04-26T02:14:23.915Z,2022-04-26T02:14:23.915Z,0
626756bd2f956a00162f942a,6267542b2f956a00162f930c,5fff72b3de0bdb47f826feaf,60119a5531c66a2ebd9eb4d3,6012d2abcfe09249249f89f8,5fc8d1b20fae0a06bc22db5c,2022-04-26T02:19:41.054Z,2022-04-26T02:19:41.054Z,0
6267c0e00efdc00016cc6bac,619bc793ffbf880016f042b4,5fff7399de0bdb47f826feb4,60119d6531c66a2ebd9eb523,6013b9a73ea6f01810808972,5fc8d1b20fae0a06bc22db5c,2022-04-26T09:52:32.306Z,2022-04-26T09:52:32.306Z,0
6267dcab0efdc00016cc738d,6267cc9f0efdc00016cc6e47,5fff7399de0bdb47f826feb4,60119d4a31c66a2ebd9eb520,6013b9543ea6f01810808916,5fc8d1b20fae0a06bc22db5c,2022-04-26T11:51:07.414Z,2022-04-26T11:51:07.414Z,0
6267ed310efdc00016cc77b3,6267ed140efdc00016cc7757,5fff72b3de0bdb47f826feaf,60119a3331c66a2ebd9eb4cf,6012cec2cfe09249249f8900,5fc8d1b20fae0a06bc22db5c,2022-04-26T13:01:37.268Z,2022-04-26T13:01:37.268Z,0
6267ed4b0efdc00016cc77ca,6267ed140efdc00016cc7757,5fff72b3de0bdb47f826feaf,60119a3331c66a2ebd9eb4cf,6012cec2cfe09249249f8902,5fc8d1b20fae0a06bc22db5c,2022-04-26T13:02:03.720Z,2022-04-26T13:02:03.720Z,0
6267ed570efdc00016cc77df,6267ed140efdc00016cc7757,5fff72b3de0bdb47f826feaf,60119a3331c66a2ebd9eb4cf,6012cec2cfe09249249f88fe,5fc8d1b20fae0a06bc22db5c,2022-04-26T13:02:15.622Z,2022-04-26T13:02:15.622Z,0
626907da0efdc00016cc8cfd,626906e20efdc00016cc8c91,5fff7399de0bdb47f826feb4,60119d4a31c66a2ebd9eb520,6013b9543ea6f01810808910,5fc8d1b20fae0a06bc22db5c,2022-04-27T09:07:38.076Z,2022-04-27T09:07:38.076Z,0
6269d736c27777001654022d,619094739384310016c320c8,5fff7380de0bdb47f826feb3,60119ce131c66a2ebd9eb513,6012db3acfe09249249f967c,5fc8d1b20fae0a06bc22db5c,2022-04-27T23:52:22.158Z,2022-04-27T23:52:22.158Z,0
6269eb78c2777700165403f8,6269eb04c2777700165403c6,5fff72b3de0bdb47f826feaf,60119a5d31c66a2ebd9eb4d4,6012d2bccfe09249249f8a12,5fc8d1b20fae0a06bc22db5c,2022-04-28T01:18:48.830Z,2022-04-28T01:18:48.830Z,0
626d76ddadf2870016df226f,626d6ff1adf2870016df219e,5fff7371de0bdb47f826feb2,60119c2931c66a2ebd9eb4fe,6012d94ecfe09249249f9222,5fc8d1b20fae0a06bc22db5c,2022-04-30T17:50:21.195Z,2022-04-30T17:50:21.195Z,0
626e7faea240420016cc3678,625af6d7f4d56c0016c1a200,5fff72b3de0bdb47f826feaf,60119a3331c66a2ebd9eb4cf,6012cec2cfe09249249f8900,5fc8d1b20fae0a06bc22db5c,2022-05-01T12:40:14.789Z,2022-05-01T12:40:14.789Z,0
626e83aea240420016cc3754,625af6d7f4d56c0016c1a200,5fff72b3de0bdb47f826feaf,60119a3331c66a2ebd9eb4cf,6012cec2cfe09249249f8902,5fc8d1b20fae0a06bc22db5c,2022-05-01T12:57:18.115Z,2022-05-01T12:57:18.115Z,0
626e8674a240420016cc37fd,625af6d7f4d56c0016c1a200,5fff72b3de0bdb47f826feaf,60119a3331c66a2ebd9eb4cf,6012cec2cfe09249249f8904,5fc8d1b20fae0a06bc22db5c,2022-05-01T13:09:08.587Z,2022-05-01T13:09:08.587Z,0
626e8ec5a240420016cc3a39,626248db0f7851001661a577,5fff7380de0bdb47f826feb3,60119ca931c66a2ebd9eb50c,6012dac3cfe09249249f9530,600048197cabf80f88f61736,2022-05-01T13:44:37.690Z,2022-05-01T13:44:37.690Z,0
626ef3c9a240420016cc4293,626711572f956a00162f8d9d,5fff7371de0bdb47f826feb2,60119bf631c66a2ebd9eb4f7,6012d8adcfe09249249f9094,5fc8d1b20fae0a06bc22db5c,2022-05-01T20:55:37.735Z,2022-05-01T20:55:37.735Z,0
626f9538a240420016cc4b2d,625af6d7f4d56c0016c1a200,5fff72b3de0bdb47f826feaf,60119a3331c66a2ebd9eb4cf,6012cec2cfe09249249f8906,5fc8d1b20fae0a06bc22db5c,2022-05-02T08:24:24.614Z,2022-05-02T08:24:24.614Z,0
626f96e3a240420016cc4b52,625af6d7f4d56c0016c1a200,5fff72b3de0bdb47f826feaf,60119a3331c66a2ebd9eb4cf,6012cecacfe09249249f891e,600048197cabf80f88f61736,2022-05-02T08:31:31.856Z,2022-05-02T08:31:31.856Z,0
626fc722961766001655224e,625af6d7f4d56c0016c1a200,5fff72b3de0bdb47f826feaf,60119a4131c66a2ebd9eb4d0,6012d1b0cfe09249249f895e,5fc8d1b20fae0a06bc22db5c,2022-05-02T11:57:22.447Z,2022-05-02T11:57:22.447Z,0
626fca819617660016552313,625af6d7f4d56c0016c1a200,5fff72b3de0bdb47f826feaf,60119a4131c66a2ebd9eb4d0,6012d1b0cfe09249249f8964,5fc8d1b20fae0a06bc22db5c,2022-05-02T12:11:45.622Z,2022-05-02T12:11:45.622Z,0
62703c0496176600165531a3,627034259617660016552ea7,5fff7371de0bdb47f826feb2,60119c2931c66a2ebd9eb4fe,6012d94ecfe09249249f9222,5fc8d1b20fae0a06bc22db5c,2022-05-02T20:16:04.917Z,2022-05-02T20:16:04.917Z,0
6270d99c961766001655415a,625af6d7f4d56c0016c1a200,5fff72b3de0bdb47f826feaf,60119a4131c66a2ebd9eb4d0,6012d1b4cfe09249249f8968,600047f67cabf80f88f61735,2022-05-03T07:28:28.882Z,2022-05-03T07:28:28.882Z,0
6270e00596176600165542ca,6264664e472ed5001627b97e,5fff7399de0bdb47f826feb4,60119d4a31c66a2ebd9eb520,6013b9543ea6f01810808910,5fc8d1b20fae0a06bc22db5c,2022-05-03T07:55:49.916Z,2022-05-03T07:55:49.916Z,0
6273b1508907e90016bf9cb7,6273b0fb8907e90016bf9c7a,5fff7399de0bdb47f826feb4,60119d6b31c66a2ebd9eb524,620b548d52b1ef001661e20c,5fc8d1b20fae0a06bc22db5c,2022-05-05T11:13:20.629Z,2022-05-05T11:13:20.629Z,0
6273b1e98907e90016bf9d75,627129f18ec9010016fc4ce9,5fff7380de0bdb47f826feb3,60119ce131c66a2ebd9eb513,6012db3acfe09249249f9680,5fc8d1b20fae0a06bc22db5c,2022-05-05T11:15:53.827Z,2022-05-05T11:15:53.827Z,0
627430bf8907e90016bfc7a5,626eab58a240420016cc3ba5,5fff7399de0bdb47f826feb4,60119d4a31c66a2ebd9eb520,6013b9543ea6f01810808910,5fc8d1b20fae0a06bc22db5c,2022-05-05T20:17:03.464Z,2022-05-05T20:17:03.464Z,0
627571086542e50016372db5,627129f18ec9010016fc4ce9,5fff734ade0bdb47f826feb1,60119ba931c66a2ebd9eb4ef,6012d7c0cfe09249249f8ef2,600048197cabf80f88f61736,2022-05-06T19:03:36.212Z,2022-05-06T19:03:36.212Z,0
627592526542e50016373552,627590f46542e500163734a8,5fff7371de0bdb47f826feb2,60119bfb31c66a2ebd9eb4f8,62149fb95050b400160f8b43,5fc8d1b20fae0a06bc22db5c,2022-05-06T21:25:38.144Z,2022-05-06T21:25:38.144Z,0
62759b9b6542e500163737aa,6273ee378907e90016bfb2ac,5fff7399de0bdb47f826feb4,60119d1131c66a2ebd9eb517,6013b642cfe09249249f97ea,5fc8d1b20fae0a06bc22db5c,2022-05-06T22:05:15.466Z,2022-05-06T22:05:15.466Z,0
62759d4c6542e500163738d2,627590f46542e500163734a8,5fff7371de0bdb47f826feb2,60119bf631c66a2ebd9eb4f7,6012d8adcfe09249249f9094,5fc8d1b20fae0a06bc22db5c,2022-05-06T22:12:28.477Z,2022-05-06T22:12:28.477Z,0
6275a0d26542e50016373b76,627598036542e50016373746,5fff7399de0bdb47f826feb4,60119d4a31c66a2ebd9eb520,6013b9543ea6f0181080891a,5fc8d1b20fae0a06bc22db5c,2022-05-06T22:27:30.229Z,2022-05-06T22:27:30.229Z,0
627624501cc1a90016e5a070,627598036542e50016373746,5fff7399de0bdb47f826feb4,60119d1131c66a2ebd9eb517,6013b643cfe09249249f97f0,5fc8d1b20fae0a06bc22db5c,2022-05-07T07:48:32.542Z,2022-05-07T07:48:32.542Z,0
627625b81cc1a90016e5a0cc,627598036542e50016373746,5fff7399de0bdb47f826feb4,60119d4a31c66a2ebd9eb520,6013b9543ea6f01810808916,5fc8d1b20fae0a06bc22db5c,2022-05-07T07:54:32.048Z,2022-05-07T07:54:32.048Z,0
62766ab71cc1a90016e5ad1f,627665a21cc1a90016e5ab18,5fff72b3de0bdb47f826feaf,60119a5531c66a2ebd9eb4d3,6012d2b2cfe09249249f8a0e,600048197cabf80f88f61736,2022-05-07T12:48:55.483Z,2022-05-07T12:48:55.483Z,0
62779c38c52c4100167b3c98,625af6d7f4d56c0016c1a200,5fff72b3de0bdb47f826feaf,60119a4431c66a2ebd9eb4d1,6012d22fcfe09249249f8990,5fc8d1b20fae0a06bc22db5c,2022-05-08T10:32:24.072Z,2022-05-08T10:32:24.072Z,0
6278550bc52c4100167b6319,627854f5c52c4100167b62f1,5fff7399de0bdb47f826feb4,60119d4a31c66a2ebd9eb520,6013b9543ea6f01810808910,5fc8d1b20fae0a06bc22db5c,2022-05-08T23:40:59.291Z,2022-05-08T23:40:59.291Z,0
62790d102ec29c0016e47977,62790cba2ec29c0016e4794c,5fff72b3de0bdb47f826feaf,60119a3331c66a2ebd9eb4cf,6012cec2cfe09249249f88fe,5fc8d1b20fae0a06bc22db5c,2022-05-09T12:46:08.166Z,2022-05-09T12:46:08.166Z,0
62792a7c2ec29c0016e47c20,62765d2b1cc1a90016e5a8fe,5fff7371de0bdb47f826feb2,60119bfb31c66a2ebd9eb4f8,62149fb95050b400160f8b43,5fc8d1b20fae0a06bc22db5c,2022-05-09T14:51:40.002Z,2022-05-09T14:51:40.002Z,0
627973a52ec29c0016e48a4a,62793ba62ec29c0016e47ede,5fff7399de0bdb47f826feb4,60119d6531c66a2ebd9eb523,6013b9a73ea6f01810808972,5fc8d1b20fae0a06bc22db5c,2022-05-09T20:03:49.707Z,2022-05-09T20:03:49.707Z,0
627a4d6c6a20f40016c08756,627a49e26a20f40016c08641,5fff7371de0bdb47f826feb2,60119c0c31c66a2ebd9eb4fb,6012d904cfe09249249f916c,5fc8d1b20fae0a06bc22db5c,2022-05-10T11:33:00.813Z,2022-05-10T11:33:00.813Z,0
627a71c36a20f40016c097c5,62751d936542e50016371549,5fff72b3de0bdb47f826feaf,60119a4f31c66a2ebd9eb4d2,6012d29ccfe09249249f89e0,600048197cabf80f88f61736,2022-05-10T14:08:03.408Z,2022-05-10T14:08:03.408Z,0
627a775c6a20f40016c0994b,62751d936542e50016371549,5fff72b3de0bdb47f826feaf,60119a4f31c66a2ebd9eb4d2,6012d297cfe09249249f89cc,600047f67cabf80f88f61735,2022-05-10T14:31:56.239Z,2022-05-10T14:31:56.239Z,0
627b56c4dc1faa00162c366e,6273b0fb8907e90016bf9c7a,5fff7399de0bdb47f826feb4,60119d6b31c66a2ebd9eb524,620b53ca52b1ef001661e1f6,5fc8d1b20fae0a06bc22db5c,2022-05-11T06:25:08.276Z,2022-05-11T06:25:08.276Z,0
627b8f52dc1faa00162c3e07,61478c23be82070016339a64,5fff72b3de0bdb47f826feaf,60119a4f31c66a2ebd9eb4d2,6012d293cfe09249249f89bc,5fc8d1b20fae0a06bc22db5c,2022-05-11T10:26:26.609Z,2022-05-11T10:26:26.609Z,0
627c1433dc1faa00162c5776,627c12afdc1faa00162c569b,5fff72b3de0bdb47f826feaf,60119a3331c66a2ebd9eb4cf,6012cec2cfe09249249f88fe,5fc8d1b20fae0a06bc22db5c,2022-05-11T19:53:23.606Z,2022-05-11T19:53:23.606Z,0
627ce71edd00ba0016aad6b4,62775244c52c4100167b312c,5fff72b3de0bdb47f826feaf,60119a3331c66a2ebd9eb4cf,6012cec2cfe09249249f8900,5fc8d1b20fae0a06bc22db5c,2022-05-12T10:53:18.162Z,2022-05-12T10:53:18.162Z,0
627ce981dd00ba0016aad98e,6082af423926fe29c8c8099f,5fff72b3de0bdb47f826feaf,60119a4431c66a2ebd9eb4d1,6012d239cfe09249249f89ac,600048197cabf80f88f61736,2022-05-12T11:03:29.040Z,2022-05-12T11:03:29.040Z,0
627cf450dd00ba0016aae3ef,627519416542e50016371262,5fc8cfbb81a55b4c3c19737d,5fff5bab3fd2d54b08047c82,6012bdcecfe09249249f7e9c,5fc8d1b20fae0a06bc22db5c,2022-05-12T11:49:36.572Z,2022-05-12T11:49:36.572Z,0
627d0fd1dd00ba0016aaeb59,62751f166542e50016371815,5fff72b3de0bdb47f826feaf,60119a4f31c66a2ebd9eb4d2,6012d29ccfe09249249f89e0,600048197cabf80f88f61736,2022-05-12T13:46:57.633Z,2022-05-12T13:46:57.633Z,0
627d312fdd00ba0016aaf0f6,61cd5418d70c840016d370a4,5fff72b3de0bdb47f826feaf,60119a3331c66a2ebd9eb4cf,6012cecacfe09249249f891c,600048197cabf80f88f61736,2022-05-12T16:09:19.204Z,2022-05-12T16:09:19.204Z,0
627d6820dd00ba0016aafa8d,627d6724dd00ba0016aafa37,5fff7399de0bdb47f826feb4,60119d2731c66a2ebd9eb51b,6012dd10cfe09249249f97ce,5fc8d1b20fae0a06bc22db5c,2022-05-12T20:03:44.716Z,2022-05-12T20:03:44.716Z,0
627d831de525a80016f66d28,627d8292e525a80016f66cfe,5fff7371de0bdb47f826feb2,60119c2931c66a2ebd9eb4fe,6012d94ecfe09249249f9222,5fc8d1b20fae0a06bc22db5c,2022-05-12T21:58:53.781Z,2022-05-12T21:58:53.781Z,0
627defc34911000016d236d3,619bbdc8ffbf880016f04059,5fff7399de0bdb47f826feb4,60119d4a31c66a2ebd9eb520,6013b9543ea6f01810808912,5fc8d1b20fae0a06bc22db5c,2022-05-13T05:42:27.352Z,2022-05-13T05:42:27.352Z,0
627e139d4911000016d2397b,61c1bdeb54396832f47a13a4,5fff72b3de0bdb47f826feaf,60119a7431c66a2ebd9eb4d7,6012d31fcfe09249249f8a9c,5fc8d1b20fae0a06bc22db5c,2022-05-13T08:15:25.260Z,2022-05-13T08:15:25.260Z,0
627e1ea24911000016d23a5d,627e1e3c4911000016d23a29,5fff7329de0bdb47f826feb0,60119af031c66a2ebd9eb4de,6012d42fcfe09249249f8bfe,600047f67cabf80f88f61735,2022-05-13T09:02:26.192Z,2022-05-13T09:02:26.192Z,0
627e1ed14911000016d23a80,627e1e3c4911000016d23a29,5fff7329de0bdb47f826feb0,60119af031c66a2ebd9eb4de,6012d42fcfe09249249f8c02,600047f67cabf80f88f61735,2022-05-13T09:03:13.967Z,2022-05-13T09:03:13.967Z,0
627f9d4b49434c00166d44e2,627f9b5b49434c00166d4490,5fff734ade0bdb47f826feb1,60119b9331c66a2ebd9eb4ec,6012d77dcfe09249249f8e78,600048197cabf80f88f61736,2022-05-14T12:15:07.088Z,2022-05-14T12:15:07.088Z,0
627fa20e49434c00166d467e,627f9b5b49434c00166d4490,5fff734ade0bdb47f826feb1,60119b9331c66a2ebd9eb4ec,6012d77dcfe09249249f8e76,600048197cabf80f88f61736,2022-05-14T12:35:26.296Z,2022-05-14T12:35:26.296Z,0
627fa22d49434c00166d468c,627f9b5b49434c00166d4490,5fff734ade0bdb47f826feb1,60119b9331c66a2ebd9eb4ec,6012d775cfe09249249f8e4e,5fc8d1b20fae0a06bc22db5c,2022-05-14T12:35:57.525Z,2022-05-14T12:35:57.525Z,0
627fa3c549434c00166d46b5,627f9b5b49434c00166d4490,5fff734ade0bdb47f826feb1,60119b9331c66a2ebd9eb4ec,6012d775cfe09249249f8e4c,5fc8d1b20fae0a06bc22db5c,2022-05-14T12:42:45.888Z,2022-05-14T12:42:45.888Z,0
628028a549434c00166d510a,627d6337dd00ba0016aaf999,5fff734ade0bdb47f826feb1,60119b9a31c66a2ebd9eb4ed,6012d790cfe09249249f8ea0,600048197cabf80f88f61736,2022-05-14T22:09:41.037Z,2022-05-14T22:09:41.037Z,0
62809fe03374a30016a67908,62809fb63374a30016a678e0,5fff7399de0bdb47f826feb4,60119d1731c66a2ebd9eb518,6013b8a63ea6f018108087fe,5fc8d1b20fae0a06bc22db5c,2022-05-15T06:38:24.280Z,2022-05-15T06:38:24.280Z,0
6280cf793374a30016a67df4,62751f726542e50016371859,5fff734ade0bdb47f826feb1,60119b9331c66a2ebd9eb4ec,6012d77dcfe09249249f8e78,600048197cabf80f88f61736,2022-05-15T10:01:29.419Z,2022-05-15T10:01:29.419Z,0
6280ea333374a30016a686c5,62751f726542e50016371859,5fff734ade0bdb47f826feb1,60119b9a31c66a2ebd9eb4ed,6012d789cfe09249249f8e7c,5fc8d1b20fae0a06bc22db5c,2022-05-15T11:55:31.486Z,2022-05-15T11:55:31.486Z,0
6281102d3374a30016a68f54,62751f726542e50016371859,5fff734ade0bdb47f826feb1,60119b9331c66a2ebd9eb4ec,6012d77dcfe09249249f8e76,600048197cabf80f88f61736,2022-05-15T14:37:33.498Z,2022-05-15T14:37:33.498Z,0
62812a823374a30016a6949e,62775244c52c4100167b312c,5fff72b3de0bdb47f826feaf,60119a3331c66a2ebd9eb4cf,6012cec2cfe09249249f8906,5fc8d1b20fae0a06bc22db5c,2022-05-15T16:29:54.285Z,2022-05-15T16:29:54.285Z,0
62815ab93374a30016a6a1b5,628151e73374a30016a69fc9,5fff7399de0bdb47f826feb4,60119d1731c66a2ebd9eb518,6013b8a63ea6f01810808800,5fc8d1b20fae0a06bc22db5c,2022-05-15T19:55:37.500Z,2022-05-15T19:55:37.500Z,0
628215601550530016e09d50,618d4127240b220016b8441b,5fff7329de0bdb47f826feb0,60119b6a31c66a2ebd9eb4e7,6012d6afcfe09249249f8dc0,600048197cabf80f88f61736,2022-05-16T09:12:00.511Z,2022-05-16T09:12:00.511Z,0
62823b9a1550530016e0a35d,622a78a76982420016552517,5fff7399de0bdb47f826feb4,60119d1731c66a2ebd9eb518,6013b8a63ea6f01810808806,5fc8d1b20fae0a06bc22db5c,2022-05-16T11:55:06.929Z,2022-05-16T11:55:06.929Z,0
62823bcc1550530016e0a37c,622a78a76982420016552517,5fff7399de0bdb47f826feb4,60119d1731c66a2ebd9eb518,6013b8a63ea6f01810808808,5fc8d1b20fae0a06bc22db5c,2022-05-16T11:55:56.073Z,2022-05-16T11:55:56.073Z,0
6282435a1550530016e0a7aa,622a78a76982420016552517,5fff7399de0bdb47f826feb4,60119d1731c66a2ebd9eb518,6013b8a63ea6f018108087fe,5fc8d1b20fae0a06bc22db5c,2022-05-16T12:28:10.743Z,2022-05-16T12:28:10.743Z,0
628265971550530016e0abc5,628264691550530016e0ab86,5fff7399de0bdb47f826feb4,60119d3231c66a2ebd9eb51d,6013b9023ea6f018108088ac,5fc8d1b20fae0a06bc22db5c,2022-05-16T14:54:15.047Z,2022-05-16T14:54:15.047Z,0
6282825e1550530016e0b13b,6278f29d2ec29c0016e475b4,5fff734ade0bdb47f826feb1,60119b9a31c66a2ebd9eb4ed,6012d789cfe09249249f8e7c,5fc8d1b20fae0a06bc22db5c,2022-05-16T16:57:02.706Z,2022-05-16T16:57:02.706Z,0
628288031550530016e0b367,60e758dddf20f743607ab0ac,5fff72b3de0bdb47f826feaf,60119a7431c66a2ebd9eb4d7,6012d31fcfe09249249f8a9c,5fc8d1b20fae0a06bc22db5c,2022-05-16T17:21:07.366Z,2022-05-16T17:21:07.366Z,0
628299841550530016e0b6df,619bbdc8ffbf880016f04059,5fff7399de0bdb47f826feb4,60119d1131c66a2ebd9eb517,6012db92cfe09249249f973a,5fc8d1b20fae0a06bc22db5c,2022-05-16T18:35:48.673Z,2022-05-16T18:35:48.673Z,0
6282ac641550530016e0ba1a,628264691550530016e0ab86,5fff7399de0bdb47f826feb4,60119d3231c66a2ebd9eb51d,6013b9023ea6f018108088ae,5fc8d1b20fae0a06bc22db5c,2022-05-16T19:56:20.377Z,2022-05-16T19:56:20.377Z,0
6282c1b01550530016e0bc43,628264691550530016e0ab86,5fff7399de0bdb47f826feb4,60119d3231c66a2ebd9eb51d,6013b9023ea6f018108088b0,5fc8d1b20fae0a06bc22db5c,2022-05-16T21:27:12.592Z,2022-05-16T21:27:12.592Z,0
6282c3151550530016e0bc68,628264691550530016e0ab86,5fff7399de0bdb47f826feb4,60119d3231c66a2ebd9eb51d,6013b9023ea6f018108088b2,5fc8d1b20fae0a06bc22db5c,2022-05-16T21:33:09.707Z,2022-05-16T21:33:09.707Z,0
6282c4191550530016e0bc87,626433d4472ed5001627b295,5fff7399de0bdb47f826feb4,60119d3231c66a2ebd9eb51d,6013b9023ea6f018108088ae,5fc8d1b20fae0a06bc22db5c,2022-05-16T21:37:29.336Z,2022-05-16T21:37:29.336Z,0
6282c4371550530016e0bc8c,628264691550530016e0ab86,5fff7399de0bdb47f826feb4,60119d3231c66a2ebd9eb51d,6013b9023ea6f018108088b4,5fc8d1b20fae0a06bc22db5c,2022-05-16T21:37:59.420Z,2022-05-16T21:37:59.420Z,0
62834d60bd314c0016b6236e,627db44b4911000016d234b7,5fff7399de0bdb47f826feb4,60119d4a31c66a2ebd9eb520,6013b9543ea6f01810808914,5fc8d1b20fae0a06bc22db5c,2022-05-17T07:23:12.451Z,2022-05-17T07:23:12.451Z,0
62836833bd314c0016b62c00,6082b22b3926fe29c8c8105b,5fff72b3de0bdb47f826feaf,60119a4431c66a2ebd9eb4d1,6012d22fcfe09249249f8992,5fc8d1b20fae0a06bc22db5c,2022-05-17T09:17:39.401Z,2022-05-17T09:17:39.401Z,0
62836e5abd314c0016b62d36,626e742da240420016cc3345,5fff7399de0bdb47f826feb4,60119d1731c66a2ebd9eb518,6013b8a63ea6f018108087fe,5fc8d1b20fae0a06bc22db5c,2022-05-17T09:43:54.029Z,2022-05-17T09:43:54.029Z,0
628393c7bd314c0016b63313,628393b4bd314c0016b632c0,5fff5abede0bdb47f826feab,601186e231c66a2ebd9eb4c4,6012cc78cfe09249249f8788,5fc8d1b20fae0a06bc22db5c,2022-05-17T12:23:35.349Z,2022-05-17T12:23:35.349Z,0
6283b1fabd314c0016b63775,61b4274978a1690016abdf6c,5fff7399de0bdb47f826feb4,60119d4a31c66a2ebd9eb520,6013b9543ea6f01810808910,5fc8d1b20fae0a06bc22db5c,2022-05-17T14:32:26.303Z,2022-05-17T14:32:26.303Z,0
62845f9c27ca86001604170a,62775244c52c4100167b312c,5fff72b3de0bdb47f826feaf,60119a5531c66a2ebd9eb4d3,6012d2b2cfe09249249f8a0e,600048197cabf80f88f61736,2022-05-18T02:53:16.310Z,2022-05-18T02:53:16.310Z,0
62856c0027ca860016044174,628568d427ca86001604401e,5fff7371de0bdb47f826feb2,60119c0c31c66a2ebd9eb4fb,6012d904cfe09249249f916a,5fc8d1b20fae0a06bc22db5c,2022-05-18T21:58:24.982Z,2022-05-18T21:58:24.982Z,0
6286c854a12caf00168efcb1,611c07c4c08d120016714dc8,5fff7371de0bdb47f826feb2,60119c7631c66a2ebd9eb506,620ca399eb26aa0016405d16,5fc8d1b20fae0a06bc22db5c,2022-05-19T22:44:36.957Z,2022-05-19T22:44:36.957Z,0
6287492cadc2d10016d24eee,62775244c52c4100167b312c,5fff72b3de0bdb47f826feaf,60119a3331c66a2ebd9eb4cf,6012cec2cfe09249249f88fe,5fc8d1b20fae0a06bc22db5c,2022-05-20T07:54:20.455Z,2022-05-20T07:54:20.455Z,0
628749b6adc2d10016d24f0f,62775244c52c4100167b312c,5fff72b3de0bdb47f826feaf,60119a4131c66a2ebd9eb4d0,6012d1b0cfe09249249f8954,5fc8d1b20fae0a06bc22db5c,2022-05-20T07:56:38.341Z,2022-05-20T07:56:38.341Z,0
62874a8badc2d10016d24f3c,62775244c52c4100167b312c,5fff72b3de0bdb47f826feaf,60119a7431c66a2ebd9eb4d7,6012d31fcfe09249249f8a9c,5fc8d1b20fae0a06bc22db5c,2022-05-20T08:00:11.616Z,2022-05-20T08:00:11.616Z,0
62874aafadc2d10016d24f47,62775244c52c4100167b312c,5fff72b3de0bdb47f826feaf,60119a5d31c66a2ebd9eb4d4,6012d2bccfe09249249f8a12,5fc8d1b20fae0a06bc22db5c,2022-05-20T08:00:47.999Z,2022-05-20T08:00:47.999Z,0
62875247adc2d10016d25009,628533c127ca8600160436c5,5fff7399de0bdb47f826feb4,60119d1731c66a2ebd9eb518,6013b8a63ea6f01810808800,5fc8d1b20fae0a06bc22db5c,2022-05-20T08:33:11.744Z,2022-05-20T08:33:11.744Z,0
62881cd4adc2d10016d2678e,628805edadc2d10016d265bd,5fff7399de0bdb47f826feb4,60119d1131c66a2ebd9eb517,6012db92cfe09249249f973c,5fc8d1b20fae0a06bc22db5c,2022-05-20T22:57:24.147Z,2022-05-20T22:57:24.147Z,0
6288d0980e7a4300165baf49,62790cba2ec29c0016e4794c,5fff72b3de0bdb47f826feaf,60119a5531c66a2ebd9eb4d3,6012d2b2cfe09249249f8a0a,600048197cabf80f88f61736,2022-05-21T11:44:24.392Z,2022-05-21T11:44:24.392Z,0
62897ce80e7a4300165bca78,62880dedadc2d10016d26653,5fff72b3de0bdb47f826feaf,60119a5531c66a2ebd9eb4d3,6012d2abcfe09249249f89f4,5fc8d1b20fae0a06bc22db5c,2022-05-21T23:59:36.484Z,2022-05-21T23:59:36.484Z,0
628980f70e7a4300165bcb20,62880dedadc2d10016d26653,5fff72b3de0bdb47f826feaf,60119a5531c66a2ebd9eb4d3,6012d2abcfe09249249f89f6,5fc8d1b20fae0a06bc22db5c,2022-05-22T00:16:55.951Z,2022-05-22T00:16:55.951Z,0
628a7055fa8fa90016963fa2,628a7021fa8fa90016963f68,5fc8cfbb81a55b4c3c19737d,5fff5bab3fd2d54b08047c82,6012bdcecfe09249249f7e9c,5fc8d1b20fae0a06bc22db5c,2022-05-22T17:18:13.343Z,2022-05-22T17:18:13.343Z,0
628a812dfa8fa90016964380,628a7c60fa8fa9001696415a,5fff72b3de0bdb47f826feaf,60119a7431c66a2ebd9eb4d7,6012d31fcfe09249249f8a9c,5fc8d1b20fae0a06bc22db5c,2022-05-22T18:30:05.431Z,2022-05-22T18:30:05.431Z,0
628b2b73755aa40016dfb2e7,61a75c2ccc10ff0016405d87,5fff72b3de0bdb47f826feaf,60119a3331c66a2ebd9eb4cf,6012cec2cfe09249249f88fe,5fc8d1b20fae0a06bc22db5c,2022-05-23T06:36:35.530Z,2022-05-23T06:36:35.530Z,0
628b65dd755aa40016dfb89f,61c2cd46e5b8cf00163ad6d0,5fff72b3de0bdb47f826feaf,60119a3331c66a2ebd9eb4cf,6012cec2cfe09249249f88fe,5fc8d1b20fae0a06bc22db5c,2022-05-23T10:45:49.161Z,2022-05-23T10:45:49.161Z,0
628bc904755aa40016dfc2f1,628bc8b8755aa40016dfc2b4,5fff7399de0bdb47f826feb4,60119d2731c66a2ebd9eb51b,6012dd10cfe09249249f97c0,5fc8d1b20fae0a06bc22db5c,2022-05-23T17:48:52.676Z,2022-05-23T17:48:52.676Z,0
628c935e82703300161882bb,628c92a7827033001618823b,5fff7371de0bdb47f826feb2,60119c2931c66a2ebd9eb4fe,6012d94ecfe09249249f9222,5fc8d1b20fae0a06bc22db5c,2022-05-24T08:12:14.540Z,2022-05-24T08:12:14.540Z,0
628c97a88270330016188406,6082abd13926fe29c8c80131,5fff72b3de0bdb47f826feaf,60119a3331c66a2ebd9eb4cf,6012cec2cfe09249249f88fe,5fc8d1b20fae0a06bc22db5c,2022-05-24T08:30:32.037Z,2022-05-24T08:30:32.037Z,0
628c97b1827033001618840d,6082abd13926fe29c8c80131,5fff72b3de0bdb47f826feaf,60119a3331c66a2ebd9eb4cf,6012cec2cfe09249249f8900,5fc8d1b20fae0a06bc22db5c,2022-05-24T08:30:41.682Z,2022-05-24T08:30:41.682Z,0
628c97d68270330016188419,6082abd13926fe29c8c80131,5fff72b3de0bdb47f826feaf,60119a3331c66a2ebd9eb4cf,6012cecacfe09249249f891e,600048197cabf80f88f61736,2022-05-24T08:31:18.207Z,2022-05-24T08:31:18.207Z,0
628c97e8827033001618841d,6082abd13926fe29c8c80131,5fff72b3de0bdb47f826feaf,60119a3331c66a2ebd9eb4cf,6012cecacfe09249249f891c,600048197cabf80f88f61736,2022-05-24T08:31:36.941Z,2022-05-24T08:31:36.941Z,0
628c980d8270330016188464,628c92a7827033001618823b,5fff7371de0bdb47f826feb2,60119c6531c66a2ebd9eb504,6012d9fecfe09249249f9358,600048197cabf80f88f61736,2022-05-24T08:32:13.824Z,2022-05-24T08:32:13.824Z,0
628cda338270330016188f79,628b84e7755aa40016dfba93,5fff7399de0bdb47f826feb4,60119d2731c66a2ebd9eb51b,6012dd10cfe09249249f97c0,5fc8d1b20fae0a06bc22db5c,2022-05-24T13:14:27.877Z,2022-05-24T13:14:27.877Z,0
628d61c4827033001618a291,628cd9258270330016188ed3,5fff7399de0bdb47f826feb4,60119d1731c66a2ebd9eb518,6013b8a63ea6f018108087fe,5fc8d1b20fae0a06bc22db5c,2022-05-24T22:52:52.117Z,2022-05-24T22:52:52.117Z,0
628dbbd3827033001618abf7,628db906827033001618aad1,5fff7399de0bdb47f826feb4,60119d3231c66a2ebd9eb51d,6013b9023ea6f018108088ae,5fc8d1b20fae0a06bc22db5c,2022-05-25T05:17:07.927Z,2022-05-25T05:17:07.927Z,0
628dd239827033001618ae22,628dd20c827033001618adfa,5fff7371de0bdb47f826feb2,60119c0831c66a2ebd9eb4fa,6012d8f3cfe09249249f9138,5fc8d1b20fae0a06bc22db5c,2022-05-25T06:52:41.911Z,2022-05-25T06:52:41.911Z,0
628e187bed1d720016e0de2c,622794e8d64c5b0016396858,5fff72b3de0bdb47f826feaf,60119a3331c66a2ebd9eb4cf,6012cec2cfe09249249f88fe,5fc8d1b20fae0a06bc22db5c,2022-05-25T11:52:27.185Z,2022-05-25T11:52:27.185Z,0
628e2e38ed1d720016e0e15f,628270e91550530016e0ace1,5fff72b3de0bdb47f826feaf,60119a8431c66a2ebd9eb4d8,6012d3a3cfe09249249f8b00,5fc8d1b20fae0a06bc22db5c,2022-05-25T13:25:12.829Z,2022-05-25T13:25:12.829Z,0
628ecd8ded1d720016e0f03e,628ecbe2ed1d720016e0ee9e,5fff7371de0bdb47f826feb2,60119c0231c66a2ebd9eb4f9,6012d8d8cfe09249249f911c,600048197cabf80f88f61736,2022-05-26T00:45:01.860Z,2022-05-26T00:45:01.860Z,0
628ef950ed1d720016e0f130,628e7818ed1d720016e0e6f8,5fff7380de0bdb47f826feb3,60119ca931c66a2ebd9eb50c,6012dac3cfe09249249f9532,600048197cabf80f88f61736,2022-05-26T03:51:44.930Z,2022-05-26T03:51:44.930Z,0
628f528edc99e40016b8a7ad,628bcb64755aa40016dfc346,5fff7399de0bdb47f826feb4,60119d2731c66a2ebd9eb51b,6012dd10cfe09249249f97c2,5fc8d1b20fae0a06bc22db5c,2022-05-26T10:12:30.235Z,2022-05-26T10:12:30.235Z,0
628f7a21dc99e40016b8b12c,61cd5418d70c840016d370a4,5fff72b3de0bdb47f826feaf,60119a4431c66a2ebd9eb4d1,6012d234cfe09249249f89a2,600047f67cabf80f88f61735,2022-05-26T13:01:21.101Z,2022-05-26T13:01:21.101Z,0
628f801edc99e40016b8ba1a,61cd5418d70c840016d370a4,5fff72b3de0bdb47f826feaf,60119a5531c66a2ebd9eb4d3,6012d2afcfe09249249f8a04,600047f67cabf80f88f61735,2022-05-26T13:26:54.962Z,2022-05-26T13:26:54.962Z,0
62913f541027c80016870848,62913cc21027c800168707f8,5fff7380de0bdb47f826feb3,60119ca331c66a2ebd9eb50b,6012daabcfe09249249f94b6,5fc8d1b20fae0a06bc22db5c,2022-05-27T21:15:00.129Z,2022-05-27T21:15:00.129Z,0
6293aefbd6509300166c7b11,6293ae5ed6509300166c7acf,5fff7371de0bdb47f826feb2,60119c5531c66a2ebd9eb502,6012d9adcfe09249249f92f2,5fc8d1b20fae0a06bc22db5c,2022-05-29T17:35:55.479Z,2022-05-29T17:35:55.479Z,0
6293b964d6509300166c7c74,628d29eb8270330016189a01,5fff72b3de0bdb47f826feaf,60119a4f31c66a2ebd9eb4d2,6012d29ccfe09249249f89e0,600048197cabf80f88f61736,2022-05-29T18:20:20.910Z,2022-05-29T18:20:20.910Z,0
6293c457d6509300166c7d12,628d29eb8270330016189a01,5fff72b3de0bdb47f826feaf,60119a4f31c66a2ebd9eb4d2,6012d29ccfe09249249f89e2,600048197cabf80f88f61736,2022-05-29T19:07:03.513Z,2022-05-29T19:07:03.513Z,0
6293c535d6509300166c7d60,628d29eb8270330016189a01,5fff72b3de0bdb47f826feaf,60119a4f31c66a2ebd9eb4d2,6012d29ccfe09249249f89e4,600048197cabf80f88f61736,2022-05-29T19:10:45.051Z,2022-05-29T19:10:45.051Z,0
629402a3d6509300166c86df,627edd844911000016d24d54,5fff7380de0bdb47f826feb3,60119c9531c66a2ebd9eb509,6012da71cfe09249249f941e,600047f67cabf80f88f61735,2022-05-29T23:32:51.809Z,2022-05-29T23:32:51.809Z,0
6294c0f92dd0fb0016695278,6294bde62dd0fb00166951f3,5fff72b3de0bdb47f826feaf,60119a7431c66a2ebd9eb4d7,6012d31fcfe09249249f8a9c,5fc8d1b20fae0a06bc22db5c,2022-05-30T13:04:57.822Z,2022-05-30T13:04:57.822Z,0
6294c2ff2dd0fb00166953da,6188097072fe7d0016207f76,5fff7399de0bdb47f826feb4,60119d1731c66a2ebd9eb518,6013b8a63ea6f018108087fe,5fc8d1b20fae0a06bc22db5c,2022-05-30T13:13:35.981Z,2022-05-30T13:13:35.981Z,0
6294dae42dd0fb001669578e,628bcb64755aa40016dfc346,5fff7399de0bdb47f826feb4,60119d4a31c66a2ebd9eb520,6013b9543ea6f01810808912,5fc8d1b20fae0a06bc22db5c,2022-05-30T14:55:32.110Z,2022-05-30T14:55:32.110Z,0
6294ddaa2dd0fb00166957c2,628bcb64755aa40016dfc346,5fff7399de0bdb47f826feb4,60119d4a31c66a2ebd9eb520,6013b9543ea6f01810808916,5fc8d1b20fae0a06bc22db5c,2022-05-30T15:07:22.709Z,2022-05-30T15:07:22.709Z,0
629604afec8f8f0016cf071c,6293ae5ed6509300166c7acf,5fff7371de0bdb47f826feb2,60119c5531c66a2ebd9eb502,6012d9adcfe09249249f92fc,5fc8d1b20fae0a06bc22db5c,2022-05-31T12:06:07.904Z,2022-05-31T12:06:07.904Z,0
6297616859abd10016d1a3f3,6297610059abd10016d1a3b7,5fff7380de0bdb47f826feb3,60119c9531c66a2ebd9eb509,6012da6acfe09249249f9406,5fc8d1b20fae0a06bc22db5c,2022-06-01T12:54:00.100Z,2022-06-01T12:54:00.100Z,0
6297cb6059abd10016d1ae05,625af6d7f4d56c0016c1a200,5fff72b3de0bdb47f826feaf,60119a6e31c66a2ebd9eb4d6,6012d302cfe09249249f8a8e,600048197cabf80f88f61736,2022-06-01T20:26:08.839Z,2022-06-01T20:26:08.839Z,0
629891db85ce1500162be3f3,629890d885ce1500162be2cf,5fff7399de0bdb47f826feb4,60119d1731c66a2ebd9eb518,6013b8a63ea6f018108087fe,5fc8d1b20fae0a06bc22db5c,2022-06-02T10:32:59.377Z,2022-06-02T10:32:59.377Z,0
6298953985ce1500162be610,629890d885ce1500162be2cf,5fff7399de0bdb47f826feb4,60119d2731c66a2ebd9eb51b,6012dd10cfe09249249f97c2,5fc8d1b20fae0a06bc22db5c,2022-06-02T10:47:21.455Z,2022-06-02T10:47:21.455Z,0
6298955a85ce1500162be614,629890d885ce1500162be2cf,5fff7399de0bdb47f826feb4,60119d2731c66a2ebd9eb51b,6012dd10cfe09249249f97c4,5fc8d1b20fae0a06bc22db5c,2022-06-02T10:47:54.089Z,2022-06-02T10:47:54.089Z,0
6298968f85ce1500162be63e,629890d885ce1500162be2cf,5fff7399de0bdb47f826feb4,60119d2731c66a2ebd9eb51b,6012dd10cfe09249249f97ce,5fc8d1b20fae0a06bc22db5c,2022-06-02T10:53:03.179Z,2022-06-02T10:53:03.179Z,0
629adc051204500016cbff01,629ada0d1204500016cbfe9a,5fff7399de0bdb47f826feb4,60119d4a31c66a2ebd9eb520,6013b9543ea6f01810808912,5fc8d1b20fae0a06bc22db5c,2022-06-04T04:13:57.757Z,2022-06-04T04:13:57.757Z,0
629dce7ece674c00165d94a0,6082abe43926fe29c8c8015d,5fff72b3de0bdb47f826feaf,60119a5d31c66a2ebd9eb4d4,6012d2c4cfe09249249f8a38,600048197cabf80f88f61736,2022-06-06T09:53:02.928Z,2022-06-06T09:53:02.928Z,0
629dd819ce674c00165d9593,6138836b58490c00169f5333,629dbb4c5a5f270016033712,629dbfae5a5f2700160337a3,629dc6965a5f270016033848,5fc8d1b20fae0a06bc22db5c,2022-06-06T10:34:01.696Z,2022-06-06T10:34:01.696Z,0
629df537ce674c00165d98d8,629df330ce674c00165d9803,5fff72b3de0bdb47f826feaf,60119a3331c66a2ebd9eb4cf,6012cec2cfe09249249f88fe,5fc8d1b20fae0a06bc22db5c,2022-06-06T12:38:15.796Z,2022-06-06T12:38:15.796Z,0
629e02aace674c00165d9b3c,629e00dece674c00165d9aae,5fff7399de0bdb47f826feb4,60119d2731c66a2ebd9eb51b,6012dd10cfe09249249f97c0,5fc8d1b20fae0a06bc22db5c,2022-06-06T13:35:38.831Z,2022-06-06T13:35:38.831Z,0